Giuseppe;Musso;giuseppe.musso@wanadoo.fr
Maria;Cerrato;maria.cerrato@arcor.de
Andrea;Seferovic;andrea.seferovic@free.fr
Marco;Ferrero;marco.ferrero@ntlworld.com
Francesco;Viarengo;francesco.viarengo@shaw.ca
Alessandro;Conti;alessandro.conti@bluewin.ch
Giovanni;Bianco;giovanni.bianco@freenet.de
Roberto;Gallo;roberto.gallo@rambler.ru
Luca;Fassio;luca.fassio@blueyonder.co.uk
Antonio;Rosso;antonio.rosso@home.nl
Paolo;Raviola;paolo.raviola@live.com.au
Francesca;Amerio;francesca.amerio@t-online.de
Anna;Torchio;anna.torchio@yahoo.com.br
Davide;Marino;davide.marino@orange.fr
Matteo;Negro;matteo.negro@live.ca
Mario;Grasso;mario.grasso@terra.com.br
Giulia;Graziano;giulia.graziano@comcast.net
Luigi;Gamba;luigi.gamba@aliceadsl.fr
Paola;Barbero;paola.barbero@yahoo.it
Fabio;Hoxha;fabio.hoxha@frontiernet.net
Stefano;Palumbo;stefano.palumbo@libero.it
Salvatore;Penna;salvatore.penna@mac.com
Daniela;Russo;daniela.russo@windstream.net
Lorenzo;Nosenzo;lorenzo.nosenzo@bluewin.ch
Elena;Binello;elena.binello@att.net
Massimo;Rissone;massimo.rissone@freenet.de
Sara;Ferraris;sara.ferraris@earthlink.net
Chiara;Bruno;chiara.bruno@bigpond.com
Laura;Monticone;laura.monticone@bigpond.net.au
Giuseppina;Saracco;giuseppina.saracco@bluewin.ch
Giorgio;Nebiolo;giorgio.nebiolo@virgilio.it
Riccardo;Morra;riccardo.morra@yahoo.de
Anna;Carbone;anna.carbone@yahoo.it
Simone;Franco;simone.franco@optusnet.com.au
Rosa;Marello;rosa.marello@tin.it
Silvia;Pavese;silvia.pavese@skynet.be
Angela;Risso;angela.risso@hotmail.co.uk
Valentina;Marmo;valentina.marmo@mail.com
Alberto;Perosino;alberto.perosino@live.ca
Claudio;Bosia;claudio.bosia@live.com
Franco;Serra;franco.serra@web.de
Vincenzo;Falcone;vincenzo.falcone@aim.com
Carlo;Lombardo;carlo.lombardo@centurytel.net
Maurizio;Rossi;maurizio.rossi@rocketmail.com
Giovanna;Rizzo;giovanna.rizzo@hotmail.co.uk
Elisa;Avidano;elisa.avidano@yahoo.co.id
Martina;Valente;martina.valente@outlook.com
Patrizia;Schillaci;patrizia.schillaci@mail.ru
Federico;Brignolo;federico.brignolo@yahoo.de
Carla;Maggiora;carla.maggiora@ntlworld.com
Simona;Fornaca;simona.fornaca@yahoo.co.id
Angelo;Montrucchio;angelo.montrucchio@yahoo.fr
Cristina;Borio;cristina.borio@bellsouth.net
Mauro;Accornero;mauro.accornero@freenet.de
Gabriele;Cotto;gabriele.cotto@facebook.com
Alessia;Trinchero;alessia.trinchero@outlook.com
Pietro;Boano;pietro.boano@ntlworld.com
Lucia;Beganovic;lucia.beganovic@yahoo.es
Monica;Forno;monica.forno@yahoo.com.ar
Silvana;Longo;silvana.longo@live.it
Daniele;Cestari;daniele.cestari@live.fr
Rita;Gai;rita.gai@bigpond.com
Barbara;Arri;barbara.arri@bol.com.br
Michele;Bosticco;michele.bosticco@yandex.ru
Domenico;Valpreda;domenico.valpreda@hotmail.fr
Mattia;Gonella;mattia.gonella@telenet.be
Stefania;Boero;stefania.boero@neuf.fr
Giorgia;Costa;giorgia.costa@sfr.fr
Bruno;Scozzaro;bruno.scozzaro@charter.net
Sergio;Vercelli;sergio.vercelli@msn.com
Carmela;Testa;carmela.testa@chello.nl
Federica;Biamino;federica.biamino@hotmail.fr
Roberta;Mancuso;roberta.mancuso@cox.net
Teresa;Bo;teresa.bo@yahoo.ca
Franca;Lazzaro;franca.lazzaro@rediffmail.com
Antonella;Maschio;antonella.maschio@tin.it
Enrico;Gentile;enrico.gentile@yahoo.es
Gianluca;Giordano;gianluca.giordano@tin.it
Claudia;Falletta;claudia.falletta@zonnet.nl
Alessandra;Marku;alessandra.marku@bigpond.com
Luciano;Marchisio;luciano.marchisio@yahoo.com.ar
Leonardo;Di;leonardo.di@uol.com.br
Edoardo;Tabaku;edoardo.tabaku@yahoo.co.jp
Fabrizio;Morando;fabrizio.morando@frontiernet.net
Alice;Argenta;alice.argenta@uol.com.br
Marisa;Masoero;marisa.masoero@hotmail.co.uk
Sofia;Giuliano;sofia.giuliano@sympatico.ca
Tommaso;Pellitteri;tommaso.pellitteri@ymail.com
Aurora;Moro;aurora.moro@bellsouth.net
Alessio;Sinani;alessio.sinani@libero.it
Margherita;Cavallero;margherita.cavallero@hetnet.nl
Caterina;Sacco;caterina.sacco@yahoo.it
Rosanna;Fassone;rosanna.fassone@aliceadsl.fr
Ilaria;Ferraro;ilaria.ferraro@rediffmail.com
Filippo;Cortese;filippo.cortese@bigpond.com
Graziella;Molino;graziella.molino@att.net
Nicolo;Gatti;nicolo.gatti@gmail.com
Beatrice;Porcellana;beatrice.porcellana@arcor.de
Piero;Basso;piero.basso@yandex.ru
Tiziana;Valenzano;tiziana.valenzano@wanadoo.fr
Bruna;Cavallo;bruna.cavallo@voila.fr
Elisabetta;Calosso;elisabetta.calosso@yahoo.de
Manuela;Capra;manuela.capra@tin.it
Christian;Lamattina;christian.lamattina@neuf.fr
Diego;Borello;diego.borello@mac.com
Maria;Barberis;maria.barberis@aliceadsl.fr
Giancarlo;Bresciani;giancarlo.bresciani@rocketmail.com
Giuseppa;Massano;giuseppa.massano@alice.it
Renato;Romano;renato.romano@sympatico.ca
Irene;Bertolino;irene.bertolino@centurytel.net
Valeria;Quirico;valeria.quirico@aol.com
Cinzia;Finotto;cinzia.finotto@mail.com
Luciana;Lamberti;luciana.lamberti@hotmail.de
Antonietta;Rainero;antonietta.rainero@live.co.uk
Giacomo;Macagno;giacomo.macagno@att.net
Marina;Perrone;marina.perrone@hotmail.com
Sabrina;Pia;sabrina.pia@live.com
Gianfranco;Roasio;gianfranco.roasio@chello.nl
Rebecca;De;rebecca.de@tiscali.co.uk
Marta;Novara;marta.novara@windstream.net
Gabriella;Martinengo;gabriella.martinengo@uol.com.br
Eleonora;Quaglia;eleonora.quaglia@outlook.com
Serena;Gianotti;serena.gianotti@arcor.de
Concetta;Basile;concetta.basile@facebook.com
Nadia;Camerano;nadia.camerano@live.co.uk
Arianna;Mussa;arianna.mussa@live.com.au
Nicola;Cerruti;nicola.cerruti@virgilio.it
Michela;Bosco;michela.bosco@optonline.net
Emanuele;Ferrara;emanuele.ferrara@live.fr
Emanuela;Vigna;emanuela.vigna@hotmail.es
Pasquale;DAmico;pasquale.damico@live.co.uk
Aldo;Lanfranco;aldo.lanfranco@yahoo.co.id
Vittoria;Mattina;vittoria.mattina@bigpond.com
Massimiliano;Roggero;massimiliano.roggero@bellsouth.net
Samuele;Bonino;samuele.bonino@terra.com.br
Piera;Bullari;piera.bullari@yahoo.it
Loredana;Ricci;loredana.ricci@centurytel.net
Giuliana;Manta;giuliana.manta@sfr.fr
Maria;Chiusano;maria.chiusano@neuf.fr
Emma;Berruti;emma.berruti@hotmail.de
Antonino;Pregno;antonino.pregno@att.net
Adriana;Bona;adriana.bona@windstream.net
Maria;Tona;maria.tona@aliceadsl.fr
Noemi;Piano;noemi.piano@optonline.net
Vittorio;Rasero;vittorio.rasero@club-internet.fr
Guido;Coppola;guido.coppola@comcast.net
Luigina;Fernicola;luigina.fernicola@live.fr
Veronica;Rinaldi;veronica.rinaldi@mail.ru
Gaia;Cela;gaia.cela@rocketmail.com
Carmelo;Garrone;carmelo.garrone@virgilio.it
Giada;Balla;giada.balla@bol.com.br
Matilde;Esposito;matilde.esposito@optusnet.com.au
Jacopo;Gulino;jacopo.gulino@mac.com
Flavio;Alongi;flavio.alongi@yandex.ru
Vincenza;Sattanino;vincenza.sattanino@live.fr
Jessica;Cimino;jessica.cimino@optonline.net
Annamaria;Guza;annamaria.guza@laposte.net
Mirko;Ghia;mirko.ghia@msn.com
Valter;Cannella;valter.cannella@yahoo.co.jp
Gianni;Grosso;gianni.grosso@centurytel.net
Sonia;Carosso;sonia.carosso@gmx.de
Giulio;Borgo;giulio.borgo@virgilio.it
Gaetano;Tarasco;gaetano.tarasco@yahoo.com.au
Luisa;Leone;luisa.leone@yahoo.co.in
Renzo;Kociu;renzo.kociu@tiscali.it
Maria;Merlone;maria.merlone@tiscali.co.uk
Isabella;Gianoglio;isabella.gianoglio@facebook.com
Greta;Olivero;greta.olivero@chello.nl
Antonia;Bella;antonia.bella@windstream.net
Liliana;Pavan;liliana.pavan@zonnet.nl
Calogero;Ivaldi;calogero.ivaldi@earthlink.net
Adriano;Baldi;adriano.baldi@mac.com
Annalisa;Pistone;annalisa.pistone@charter.net
Renata;Poggio;renata.poggio@aol.com
Raffaele;Gherlone;raffaele.gherlone@sky.com
Mirella;Ollino;mirella.ollino@windstream.net
Enzo;Bagnasco;enzo.bagnasco@charter.net
Umberto;Dushku;umberto.dushku@yahoo.co.uk
Dario;Gagliardi;dario.gagliardi@telenet.be
Cecilia;Pollina;cecilia.pollina@hotmail.co.uk
Cristian;Cravanzola;cristian.cravanzola@yahoo.com.ar
Mohamed;Greco;mohamed.greco@yahoo.com
Raffaella;Mortara;raffaella.mortara@bluewin.ch
Grazia;Sardi;grazia.sardi@ymail.com
Vito;Scaglione;vito.scaglione@skynet.be
Rocco;Scalzo;rocco.scalzo@ymail.com
Bianca;Sorba;bianca.sorba@aim.com
Lidia;Manetta;lidia.manetta@hotmail.it
Ivana;Parisi;ivana.parisi@yahoo.com
Olga;Bellone;olga.bellone@verizon.net
Danilo;Sorce;danilo.sorce@live.com
Erika;Bosio;erika.bosio@yandex.ru
Camilla;Cavagnero;camilla.cavagnero@yahoo.de
Luigia;Noto;luigia.noto@virgilio.it
Adele;Hu;adele.hu@comcast.net
Ornella;Ferro;ornella.ferro@yahoo.com.au
Carlotta;Montanella;carlotta.montanella@bluewin.ch
Ezio;Caputo;ezio.caputo@outlook.com
Nicoletta;Gardino;nicoletta.gardino@bellsouth.net
Rosaria;Vitale;rosaria.vitale@yahoo.fr
Manuel;Furlanetto;manuel.furlanetto@bigpond.net.au
Rosario;Parodi;rosario.parodi@live.com.au
Elio;Messina;elio.messina@verizon.net
Clara;Bosso;clara.bosso@rocketmail.com
Ivan;Alciati;ivan.alciati@live.com
Daniel;Goria;daniel.goria@sfr.fr
Donatella;Berzano;donatella.berzano@verizon.net
Denis;Duretto;denis.duretto@hetnet.nl
Carmine;Capello;carmine.capello@sky.com
Donato;Dezani;donato.dezani@yahoo.in
Silvio;Catalano;silvio.catalano@hotmail.it
Rosalia;Cuniberti;rosalia.cuniberti@zonnet.nl
Letizia;Rampone;letizia.rampone@windstream.net
Marcello;Miroglio;marcello.miroglio@bluewin.ch
Alex;Vitello;alex.vitello@yahoo.de
Melissa;Boido;melissa.boido@free.fr
Ludovica;Coppo;ludovica.coppo@ig.com.br
Marianna;Ercole;marianna.ercole@virgilio.it
Domenica;Massa;domenica.massa@hotmail.de
Emilia;Kasa;emilia.kasa@tiscali.it
Ginevra;Grieco;ginevra.grieco@yahoo.com.br
Enrica;Rabino;enrica.rabino@hotmail.it
Maddalena;Pellegrino;maddalena.pellegrino@earthlink.net
Omar;Rovero;omar.rovero@bigpond.com
Assunta;Orlando;assunta.orlando@yahoo.fr
Cesare;Marengo;cesare.marengo@home.nl
Armando;Elezi;armando.elezi@hotmail.de
Fatima;Carretto;fatima.carretto@hotmail.de
Maria;Ratti;maria.ratti@skynet.be
Marinella;Boccia;marinella.boccia@juno.com
Susanna;Pepe;susanna.pepe@uol.com.br
Filomena;Maggiorotto;filomena.maggiorotto@optonline.net
Thomas;Lafleur;thomas.lafleur@live.co.uk
Carolina;Conte;carolina.conte@live.com
Marilena;Gambino;marilena.gambino@optusnet.com.au
Mara;Alessio;mara.alessio@rocketmail.com
Lina;Barrera;lina.barrera@laposte.net
Giuliano;Zefi;giuliano.zefi@planet.nl
Valerio;Steffenino;valerio.steffenino@club-internet.fr
Elsa;Catizzone;elsa.catizzone@free.fr
Virginia;Viola;virginia.viola@yahoo.co.in
Walter;Bianchi;walter.bianchi@rocketmail.com
Gabriel;Mossino;gabriel.mossino@hotmail.es
Rossana;Mogliotti;rossana.mogliotti@sky.com
Iolanda;Cantarella;iolanda.cantarella@bluewin.ch
Elda;Malandrone;elda.malandrone@yahoo.es
Carola;Fantino;carola.fantino@orange.fr
Deborah;Roero;deborah.roero@outlook.com
Sandro;Dezzani;sandro.dezzani@skynet.be
Maria;Masenga;maria.masenga@msn.com
Sandra;Demaria;sandra.demaria@sympatico.ca
Silvano;Origlia;silvano.origlia@cox.net
Vera;Zappa;vera.zappa@juno.com
Gioele;Scaglia;gioele.scaglia@msn.com
Antonina;Ghione;antonina.ghione@yahoo.in
Eugenio;Paracchino;eugenio.paracchino@live.co.uk
Maria;Visconti;maria.visconti@aliceadsl.fr
Denise;Cavallaro;denise.cavallaro@att.net
Elvira;Cilia;elvira.cilia@comcast.net
Marzia;Macario;marzia.macario@yahoo.com
Gloria;Biglia;gloria.biglia@yahoo.co.jp
Milena;Badella;milena.badella@live.nl
Gerardo;Pastrone;gerardo.pastrone@yahoo.de
Viviana;Valle;viviana.valle@frontiernet.net
Pierina;Schiavinato;pierina.schiavinato@verizon.net
Alfredo;Lano;alfredo.lano@terra.com.br
Calogera;DAngelo;calogera.dangelo@yahoo.com.mx
Fulvio;Hysa;fulvio.hysa@yahoo.com.sg
Ida;Novello;ida.novello@wanadoo.fr
Ahmed;Stabile;ahmed.stabile@charter.net
Gianpiero;Marchese;gianpiero.marchese@live.it
Rosella;Natale;rosella.natale@telenet.be
Vanessa;Cullhaj;vanessa.cullhaj@skynet.be
Ugo;Mazza;ugo.mazza@gmail.com
Agnese;Cussotto;agnese.cussotto@hotmail.it
Mariangela;Marocco;mariangela.marocco@windstream.net
Debora;Maccagno;debora.maccagno@t-online.de
Gino;Ruotolo;gino.ruotolo@live.co.uk
Nella;Arione;nella.arione@windstream.net
Kevin;Perri;kevin.perri@sympatico.ca
Ettore;Pugliese;ettore.pugliese@libero.it
Asia;Mondo;asia.mondo@juno.com
Emilio;Borgogno;emilio.borgogno@freenet.de
Nicole;Casetta;nicole.casetta@live.co.uk
Maria;Giaretti;maria.giaretti@msn.com
Viola;Ghidella;viola.ghidella@hotmail.de
Angelica;Lukaj;angelica.lukaj@yahoo.com.br
Pasqualina;Voglino;pasqualina.voglino@mail.ru
Rossella;Fasano;rossella.fasano@ymail.com
Flavia;De;flavia.de@tin.it
Pierluigi;Caldera;pierluigi.caldera@centurytel.net
Vilma;Icardi;vilma.icardi@yandex.ru
Rosalba;Ambrosio;rosalba.ambrosio@live.nl
Khadija;Fazio;khadija.fazio@aol.com
Felice;Gallina;felice.gallina@hotmail.fr
Teresina;Scassa;teresina.scassa@neuf.fr
Rosa;Sardo;rosa.sardo@yahoo.it
Tatiana;Lazzarino;tatiana.lazzarino@sbcglobal.net
Loris;Navone;loris.navone@yahoo.fr
Secondo;Pesce;secondo.pesce@yahoo.ca
Mariella;Saviano;mariella.saviano@arcor.de
David;Tinebra;david.tinebra@yahoo.com.sg
Erik;Orecchia;erik.orecchia@tiscali.co.uk
Lucrezia;Gerbi;lucrezia.gerbi@hotmail.de
Sebastiano;Vogliolo;sebastiano.vogliolo@hotmail.es
Michelina;Battaglia;michelina.battaglia@freenet.de
Luisella;Caruso;luisella.caruso@mail.com
Natalia;Sadikaj;natalia.sadikaj@bigpond.net.au
Angelina;Toso;angelina.toso@rambler.ru
Romina;Oddone;romina.oddone@charter.net
Lorena;Ferlisi;lorena.ferlisi@yahoo.com.au
Michael;Gerbo;michael.gerbo@sympatico.ca
Anita;Montersino;anita.montersino@ymail.com
Erica;Lleshi;erica.lleshi@shaw.ca
Ines;Amico;ines.amico@qq.com
Samuel;Saglietti;samuel.saglietti@verizon.net
Nicholas;Buttaci;nicholas.buttaci@hotmail.fr
Agostino;Bongiovanni;agostino.bongiovanni@ntlworld.com
Nicolas;Chirminisi;nicolas.chirminisi@bellsouth.net
Rosina;Lettieri;rosina.lettieri@live.nl
Irma;Mendola;irma.mendola@centurytel.net
Marcella;Tortoriello;marcella.tortoriello@live.com.au
Gianpaolo;Zanetti;gianpaolo.zanetti@rambler.ru
Ana;Terzuolo;ana.terzuolo@live.ca
Salvatrice;Bonello;salvatrice.bonello@googlemail.com
Fabiana;Panepinto;fabiana.panepinto@yahoo.co.id
Mariagrazia;Ottaviano;mariagrazia.ottaviano@frontiernet.net
Benedetta;Martini;benedetta.martini@att.net
Amelia;Cane;amelia.cane@charter.net
Rachele;Lombardi;rachele.lombardi@free.fr
Rina;Parola;rina.parola@gmail.com
Maura;Turello;maura.turello@gmx.net
Maria;Ferrari;maria.ferrari@live.fr
Mohammed;Salimbene;mohammed.salimbene@hotmail.co.uk
Livio;Manzone;livio.manzone@outlook.com
Eva;Zecchin;eva.zecchin@hotmail.com
Stella;Pace;stella.pace@aol.com
Corrado;Caggiano;corrado.caggiano@zonnet.nl
Natalina;Nicastro;natalina.nicastro@yahoo.it
Pierpaolo;Porro;pierpaolo.porro@msn.com
Remo;Pafundi;remo.pafundi@bellsouth.net
Alfonso;Ferretti;alfonso.ferretti@yahoo.in
Fiorella;Maccario;fiorella.maccario@sky.com
Marika;Vecchio;marika.vecchio@me.com
Maria;Vergano;maria.vergano@charter.net
Youssef;Bussi;youssef.bussi@yahoo.com
Ferdinando;Roberto;ferdinando.roberto@bol.com.br
Adelina;Baino;adelina.baino@live.nl
Guglielmo;Costantino;guglielmo.costantino@verizon.net
Cristiano;Pozzato;cristiano.pozzato@live.nl
Said;Tirone;said.tirone@yahoo.com
Vasile;Reggio;vasile.reggio@msn.com
Gian;Bologna;gian.bologna@yahoo.co.uk
Gian;Genta;gian.genta@yahoo.co.in
Samantha;Merlo;samantha.merlo@aol.com
Cristiana;Piras;cristiana.piras@free.fr
Fiorenzo;Emma;fiorenzo.emma@live.com.au
Morena;Varesio;morena.varesio@msn.com
Ali;Vada;ali.vada@charter.net
Santina;Nuara;santina.nuara@yahoo.fr
Carmelina;Rabezzana;carmelina.rabezzana@home.nl
Gennaro;Fogliati;gennaro.fogliati@hotmail.es
Diana;Cren;diana.cren@rediffmail.com
Gaetana;Rocca;gaetana.rocca@virgilio.it
Ion;Giolito;ion.giolito@juno.com
Nunzio;Beltracchini;nunzio.beltracchini@virgilio.it
Rayan;Perino;rayan.perino@me.com
Enza;Stradella;enza.stradella@aol.com
Onofrio;Leva;onofrio.leva@gmx.de
Flora;Velaj;flora.velaj@freenet.de
Miriam;Roseo;miriam.roseo@live.co.uk
Iris;Moiso;iris.moiso@arcor.de
Amedeo;Petrini;amedeo.petrini@gmx.de
Raffaela;Langella;raffaela.langella@sky.com
Piergiorgio;Fassi;piergiorgio.fassi@voila.fr
Maria;Magari;maria.magari@optonline.net
Rosetta;Crepaldi;rosetta.crepaldi@voila.fr
Katia;Botto;katia.botto@juno.com
Aicha;Salatino;aicha.salatino@alice.it
Miranda;Montesano;miranda.montesano@aol.com
Cosimo;Martinetto;cosimo.martinetto@hotmail.fr
Pier;DAgostino;pier.dagostino@yahoo.co.uk
Santa;Tedesco;santa.tedesco@live.com.au
Ciro;Veneto;ciro.veneto@sky.com
Natale;Gardin;natale.gardin@aliceadsl.fr
Ada;Ferrante;ada.ferrante@ntlworld.com
Ileana;Vignale;ileana.vignale@shaw.ca
Arben;Zhou;arben.zhou@gmail.com
Ester;Uruci;ester.uruci@earthlink.net
Maria;Gianuzzi;maria.gianuzzi@terra.com.br
Valentino;Grimaldi;valentino.grimaldi@planet.nl
Ferruccio;Dacasto;ferruccio.dacasto@laposte.net
Maria;Cantatore;maria.cantatore@bigpond.net.au
Lorenza;Pavia;lorenza.pavia@live.it
Luana;Gasparin;luana.gasparin@yahoo.com
Ivano;Vinotti;ivano.vinotti@tiscali.co.uk
Yasmine;Mule;yasmine.mule@terra.com.br
Eugenia;Ravizza;eugenia.ravizza@verizon.net
Mihaela;Critelli;mihaela.critelli@planet.nl
Fatiha;Massasso;fatiha.massasso@mail.com
Lorella;Ruscalla;lorella.ruscalla@chello.nl
Luigino;Palermo;luigino.palermo@wanadoo.fr
Mirco;Carrer;mirco.carrer@yahoo.fr
Paolina;Gjoni;paolina.gjoni@uol.com.br
Emily;Dieng;emily.dieng@yahoo.com.mx
Carmen;Wang;carmen.wang@hetnet.nl
Amalia;Valfre;amalia.valfre@yahoo.de
Immacolata;Ingrao;immacolata.ingrao@gmx.net
Alda;Vespa;alda.vespa@att.net
Oriana;Guarino;oriana.guarino@rambler.ru
Gina;Follo;gina.follo@yahoo.com.ar
Fausto;Vairo;fausto.vairo@club-internet.fr
Niccolo;Shahini;niccolo.shahini@gmail.com
Gregorio;Perna;gregorio.perna@sympatico.ca
Sarah;Sadiku;sarah.sadiku@shaw.ca
Agata;Di;agata.di@yahoo.com.au
Maria;Mecja;maria.mecja@yahoo.es
Livia;Porta;livia.porta@yahoo.fr
Donata;Bussolino;donata.bussolino@outlook.com
Ambra;Merlino;ambra.merlino@chello.nl
Santo;Tatani;santo.tatani@chello.nl
Lisa;Lazzarato;lisa.lazzarato@planet.nl
Loretta;Ndiaye;loretta.ndiaye@gmx.de
Maria;Poppa;maria.poppa@googlemail.com
Esmeralda;Piccolo;esmeralda.piccolo@yahoo.co.id
Ilenia;Balbo;ilenia.balbo@mac.com
Constantin;Salerno;constantin.salerno@web.de
Romano;Sorrentino;romano.sorrentino@rediffmail.com
Gianluigi;Dubois;gianluigi.dubois@rambler.ru
Orazio;Huli;orazio.huli@sympatico.ca
Irina;Vacchina;irina.vacchina@yahoo.com.br
Enea;Chen;enea.chen@earthlink.net
Edmond;Albanese;edmond.albanese@yahoo.co.jp
Giampiero;Priamo;giampiero.priamo@charter.net
Pier;Romagnolo;pier.romagnolo@t-online.de
Damiano;Santoro;damiano.santoro@bol.com.br
Isabel;Di;isabel.di@wanadoo.fr
Elia;Trimarco;elia.trimarco@voila.fr
Victoria;Bugnano;victoria.bugnano@yahoo.com.mx
Gioacchino;Villata;gioacchino.villata@ymail.com
Aya;Nobile;aya.nobile@centurytel.net
Graziano;Gavello;graziano.gavello@hotmail.fr
Svetlana;Giaccone;svetlana.giaccone@uol.com.br
Chloe;Bertone;chloe.bertone@neuf.fr
Azzurra;Saia;azzurra.saia@hotmail.it
Nina;Campagna;nina.campagna@yahoo.in
Italo;Ndoka;italo.ndoka@gmail.com
Fernanda;Diliberto;fernanda.diliberto@live.com.au
Pierino;Verrua;pierino.verrua@alice.it
Maria;Guasco;maria.guasco@terra.com.br
Alma;Trevisan;alma.trevisan@yahoo.com
Linda;Casalone;linda.casalone@yandex.ru
Ignazio;Tosetto;ignazio.tosetto@shaw.ca
Rosangela;Lo;rosangela.lo@yahoo.in
Annunziata;Gianotto;annunziata.gianotto@mac.com
Fulvia;Speretta;fulvia.speretta@voila.fr
Jennifer;Capusso;jennifer.capusso@yahoo.com.mx
Angela;Reka;angela.reka@virgilio.it
Osvaldo;Giannicola;osvaldo.giannicola@web.de
Mustapha;Veiluva;mustapha.veiluva@yahoo.es
Delia;Drago;delia.drago@laposte.net
Mariana;Berta;mariana.berta@live.it
Adam;Hasa;adam.hasa@aol.com
Martino;Accomasso;martino.accomasso@yahoo.co.in
Yassine;Ciola;yassine.ciola@chello.nl
Paolino;Fea;paolino.fea@ig.com.br
Rachid;Durante;rachid.durante@aim.com
Abderrahim;Carelli;abderrahim.carelli@yahoo.com.sg
Pierangelo;Castino;pierangelo.castino@club-internet.fr
Ernesto;Cantino;ernesto.cantino@windstream.net
Romeo;Bardhi;romeo.bardhi@earthlink.net
Clelia;Garbin;clelia.garbin@yahoo.com.ar
Fernando;Balsamo;fernando.balsamo@blueyonder.co.uk
Maria;Frontino;maria.frontino@aim.com
Vincenzina;Romeo;vincenzina.romeo@hotmail.fr
Marialuisa;Migliasso;marialuisa.migliasso@live.com.au
Igor;Olivieri;igor.olivieri@rediffmail.com
Antonello;Lin;antonello.lin@voila.fr
Fatna;Allkja;fatna.allkja@laposte.net
Ivo;Fiore;ivo.fiore@earthlink.net
Micaela;Butera;micaela.butera@tin.it
Fabiola;Beccaris;fabiola.beccaris@orange.fr
Zahra;Lorenzato;zahra.lorenzato@yahoo.fr
Maria;Zanaga;maria.zanaga@uol.com.br
Hassan;Rolando;hassan.rolando@yahoo.co.uk
Hamza;Alafleur;hamza.alafleur@hotmail.it
Secondina;Larocca;secondina.larocca@laposte.net
Eliana;Amato;eliana.amato@sky.com
Emanuel;Lafore;emanuel.lafore@yahoo.com.ar
Nunzia;Aluffi;nunzia.aluffi@verizon.net
Anila;Varlotta;anila.varlotta@zonnet.nl
Saverio;Fiora;saverio.fiora@hotmail.co.uk
Romana;Lazri;romana.lazri@live.co.uk
Amina;Termini;amina.termini@arcor.de
Samira;Lo;samira.lo@aol.com
Attilio;Anselmo;attilio.anselmo@aol.com
Hajar;Fusco;hajar.fusco@frontiernet.net
Achille;Aschiero;achille.aschiero@hotmail.de
Aurelia;Provenzano;aurelia.provenzano@voila.fr
Dante;Cadeddu;dante.cadeddu@live.it
Mariateresa;Chiesa;mariateresa.chiesa@live.ca
Celestina;Licata;celestina.licata@yahoo.it
Martin;Martino;martin.martino@rambler.ru
Gian;Potenza;gian.potenza@virgilio.it
Michelangelo;Maranzana;michelangelo.maranzana@ntlworld.com
Maria;Randazzo;maria.randazzo@live.ca
Gemma;Plaku;gemma.plaku@centurytel.net
Alexandru;Robino;alexandru.robino@yahoo.in
Violeta;Cravero;violeta.cravero@comcast.net
Vita;Negri;vita.negri@mail.ru
Nora;Dervishi;nora.dervishi@blueyonder.co.uk
Gian;Girola;gian.girola@virgilio.it
Celeste;Riccio;celeste.riccio@windstream.net
Altin;Alfieri;altin.alfieri@hotmail.it
Mariuccia;Curto;mariuccia.curto@yahoo.in
Renza;Scalia;renza.scalia@yahoo.com.sg
Giovanna;Diop;giovanna.diop@ymail.com
Eduard;Camara;eduard.camara@bigpond.net.au
Oscar;Di;oscar.di@yahoo.co.id
Clarissa;Cassenti;clarissa.cassenti@outlook.com
Tamara;Dema;tamara.dema@live.fr
Pier;Buzukja;pier.buzukja@mac.com
Gezim;Stella;gezim.stella@live.co.uk
Dino;Pani;dino.pani@mail.ru
Marino;Mascia;marino.mascia@mail.ru
Benedetto;Passarino;benedetto.passarino@sympatico.ca
Lara;Sega;lara.sega@yahoo.ca
Gheorghe;Tartaglino;gheorghe.tartaglino@aim.com
Tiziano;Picone;tiziano.picone@yandex.ru
Ana;Ali;ana.ali@hotmail.de
Aurelio;Manfredi;aurelio.manfredi@yahoo.co.id
Mariarosa;Vaccaneo;mariarosa.vaccaneo@juno.com
Mia;Piscopo;mia.piscopo@gmail.com
Egle;Mirigliani;egle.mirigliani@chello.nl
Cosima;Campo;cosima.campo@uol.com.br
Rino;Milani;rino.milani@cox.net
Valbona;Dabbene;valbona.dabbene@gmx.de
Augusto;Colombo;augusto.colombo@aliceadsl.fr
Manuele;Damiano;manuele.damiano@virgilio.it
Sabina;Cavaglia;sabina.cavaglia@terra.com.br
Amanda;Neri;amanda.neri@hotmail.fr
Ottavio;Pianta;ottavio.pianta@yahoo.ca
Concettina;Kodra;concettina.kodra@qq.com
Besnik;Campini;besnik.campini@ig.com.br
Zakaria;Dellagaren;zakaria.dellagaren@planet.nl
Angiolina;Petruzzella;angiolina.petruzzella@libero.it
William;Dato;william.dato@facebook.com
Serafina;Ingrasci;serafina.ingrasci@frontiernet.net
Artur;Pjetri;artur.pjetri@free.fr
Maria;Bajrami;maria.bajrami@att.net
Sophia;Passarella;sophia.passarella@ntlworld.com
Alexandra;Ventura;alexandra.ventura@yahoo.com.sg
Rodica;Aloi;rodica.aloi@live.fr
Alfred;Ghi;alfred.ghi@live.it
Kristian;Preci;kristian.preci@ymail.com
Ernestina;El;ernestina.el@telenet.be
Gian;Brondolo;gian.brondolo@frontiernet.net
Artan;Tikvina;artan.tikvina@ymail.com
Vittorina;Aceto;vittorina.aceto@tin.it
Michelino;Gagliano;michelino.gagliano@rambler.ru
Lucio;Mossotto;lucio.mossotto@optusnet.com.au
Pamela;Grandi;pamela.grandi@sbcglobal.net
Dina;Magnone;dina.magnone@yahoo.co.uk
Petrit;Salamone;petrit.salamone@wanadoo.fr
Orietta;Cataldo;orietta.cataldo@home.nl
Hicham;Ragusa;hicham.ragusa@skynet.be
Simonetta;Civitate;simonetta.civitate@freenet.de
Miriana;Bincoletto;miriana.bincoletto@zonnet.nl
Mirela;Raimondo;mirela.raimondo@aim.com
Albina;Rabbione;albina.rabbione@live.fr
Orlando;Di;orlando.di@live.it
Maria;Villani;maria.villani@live.ca
Anna;Mansone;anna.mansone@mail.com
Gian;Bergantin;gian.bergantin@yahoo.fr
Rodolfo;Giovane;rodolfo.giovane@ntlworld.com
Lindita;Raso;lindita.raso@charter.net
Aurel;Borin;aurel.borin@aol.com
Vanda;Federico;vanda.federico@hotmail.es
Maria;Maggiore;maria.maggiore@free.fr
Fatmir;Morino;fatmir.morino@gmx.de
Primo;Milano;primo.milano@uol.com.br
Germana;De;germana.de@rediffmail.com
Oreste;Gjoka;oreste.gjoka@qq.com
Emiliano;Berardi;emiliano.berardi@bluewin.ch
Giuseppe;Pagliarino;giuseppe.pagliarino@yahoo.fr
Sharon;Alaimo;sharon.alaimo@zonnet.nl
Esterina;De;esterina.de@windstream.net
Piercarlo;Bersano;piercarlo.bersano@comcast.net
Elia;Marra;elia.marra@gmail.com
Samanta;Fava;samanta.fava@home.nl
Regina;Barone;regina.barone@terra.com.br
Palma;Patti;palma.patti@ymail.com
Amira;Cherchi;amira.cherchi@orange.fr
Ayoub;Borgnino;ayoub.borgnino@alice.it
Klea;Bernardi;klea.bernardi@live.com.au
Fiorenza;Caria;fiorenza.caria@att.net
Leandro;Corrado;leandro.corrado@yahoo.de
Devis;Hafdi;devis.hafdi@neuf.fr
Naima;Li;naima.li@yahoo.com.au
Giovanni;Gramaglia;giovanni.gramaglia@verizon.net
Giovanni;Fasolis;giovanni.fasolis@bigpond.com
Teresio;Kiptiu;teresio.kiptiu@virgilio.it
Angioletta;Delpero;angioletta.delpero@telenet.be
Michelle;Manina;michelle.manina@earthlink.net
Patrizio;La;patrizio.la@planet.nl
Benito;Scarzella;benito.scarzella@yahoo.it
Nicolina;Kovaci;nicolina.kovaci@yahoo.it
Bryan;Baratta;bryan.baratta@tiscali.co.uk
Salah;Cioffi;salah.cioffi@cox.net
Savino;Brunetti;savino.brunetti@ig.com.br
Ombretta;Lepre;ombretta.lepre@gmail.com
Maurizia;De;maurizia.de@aim.com
Ibrahim;Favata;ibrahim.favata@tin.it
Maria;Cupo;maria.cupo@yahoo.co.in
Gianna;Galluzzo;gianna.galluzzo@ntlworld.com
Gaspare;Hotaj;gaspare.hotaj@yahoo.com.au
Felicia;Impera;felicia.impera@hetnet.nl
Alida;Chiparo;alida.chiparo@terra.com.br
Andrei;Monti;andrei.monti@uol.com.br
Evelina;Maiocco;evelina.maiocco@facebook.com
Francesco;Altomonte;francesco.altomonte@live.it
Giampaolo;Ratto;giampaolo.ratto@bigpond.net.au
Matilda;Rosina;matilda.rosina@centurytel.net
Agron;Strocco;agron.strocco@facebook.com
Maria;Pescarmona;maria.pescarmona@windstream.net
Demetrio;Virciglio;demetrio.virciglio@sympatico.ca
Sergiu;Barla;sergiu.barla@telenet.be
Dorina;Santo;dorina.santo@hotmail.com
Laila;Genovese;laila.genovese@yahoo.com.ar
Lauretta;Dovano;lauretta.dovano@terra.com.br
Gabriela;Di;gabriela.di@live.it
Maria;Di;maria.di@uol.com.br
Edda;Zhu;edda.zhu@yahoo.co.uk
Norma;Lahna;norma.lahna@gmx.de
Edi;Torta;edi.torta@terra.com.br
Gerarda;Cappello;gerarda.cappello@optusnet.com.au
Giovannina;Arduino;giovannina.arduino@hotmail.de
Mathias;Monaco;mathias.monaco@frontiernet.net
Mina;Caracciolo;mina.caracciolo@yahoo.co.id
Bledar;Halilovic;bledar.halilovic@hotmail.com
Albert;Emanuele;albert.emanuele@charter.net
Maria;Lamcja;maria.lamcja@yahoo.fr
Francesco;Benedetto;francesco.benedetto@juno.com
Anna;Celhema;anna.celhema@yahoo.co.in
Gianmarco;Ottenga;gianmarco.ottenga@rediffmail.com
Maria;Ambrogio;maria.ambrogio@yahoo.co.uk
Maria;Secci;maria.secci@gmail.com
Leonard;Abbate;leonard.abbate@hotmail.it
Giuseppe;Pettinato;giuseppe.pettinato@bigpond.net.au
Maria;Zanellato;maria.zanellato@outlook.com
Alba;Monaco;alba.monaco@yahoo.com.sg
Aida;Ponzo;aida.ponzo@gmx.de
Abdellah;Calabrese;abdellah.calabrese@freenet.de
Viorica;Limardi;viorica.limardi@aim.com
Katiuscia;Rivetti;katiuscia.rivetti@me.com
Anthony;Guercio;anthony.guercio@t-online.de
Anas;Venturello;anas.venturello@web.de
Ervis;Palma;ervis.palma@gmail.com
Marius;Chiarle;marius.chiarle@verizon.net
Pranvera;Magliano;pranvera.magliano@telenet.be
Adil;Faletti;adil.faletti@juno.com
Cloe;Braccini;cloe.braccini@windstream.net
Amine;Vitellaro;amine.vitellaro@live.fr
Maristella;Stagliano;maristella.stagliano@uol.com.br
Manjola;Arnone;manjola.arnone@terra.com.br
Sebastian;Rossetti;sebastian.rossetti@yahoo.fr
Majlinda;Meschia;majlinda.meschia@yahoo.co.jp
Rinaldo;Cordino;rinaldo.cordino@telenet.be
Nicoleta;Fracchia;nicoleta.fracchia@msn.com
Giancarla;Rustichelli;giancarla.rustichelli@live.co.uk
Adolfo;Nigro;adolfo.nigro@ig.com.br
Ermanno;Scarabello;ermanno.scarabello@freenet.de
Arjan;Di;arjan.di@windstream.net
Diletta;Sorge;diletta.sorge@gmx.net
Gentian;Simone;gentian.simone@hotmail.com
Grazia;Hysaj;grazia.hysaj@sympatico.ca
Germano;Stelladoro;germano.stelladoro@uol.com.br
Emiliana;Filipi;emiliana.filipi@home.nl
Anna;Campaner;anna.campaner@yahoo.com
Arturo;Pera;arturo.pera@comcast.net
Stefan;Guarna;stefan.guarna@ntlworld.com
Ecaterina;Kajno;ecaterina.kajno@yandex.ru
Aziz;Luisi;aziz.luisi@mail.ru
Victor;Belvedere;victor.belvedere@shaw.ca
Amal;Casaburi;amal.casaburi@me.com
Drita;Paonessa;drita.paonessa@home.nl
Andrea;Cavagnino;andrea.cavagnino@bellsouth.net
Giuditta;Muscato;giuditta.muscato@outlook.com
Catterina;Muratore;catterina.muratore@hetnet.nl
Hanane;Angelino;hanane.angelino@club-internet.fr
Sonja;Simoni;sonja.simoni@yahoo.com.sg
Dennis;Lavagnino;dennis.lavagnino@terra.com.br
Aleksander;Caratti;aleksander.caratti@alice.it
Mariano;Cataldi;mariano.cataldi@skynet.be
Nadejda;Gavazza;nadejda.gavazza@hotmail.it
Raimonda;Orru;raimonda.orru@sky.com
Ersilia;Milazzo;ersilia.milazzo@wanadoo.fr
Kristina;Baha;kristina.baha@tiscali.it
Arnaldo;Tahaoui;arnaldo.tahaoui@gmail.com
Sokol;Sallja;sokol.sallja@telenet.be
Florin;Favaro;florin.favaro@yahoo.com.au
Endri;Squillari;endri.squillari@rambler.ru
Giacinto;Gallia;giacinto.gallia@juno.com
Nicolae;Pinna;nicolae.pinna@hotmail.de
Giannina;Ponzone;giannina.ponzone@alice.it
Magda;Liguori;magda.liguori@yahoo.es
Pia;Moretti;pia.moretti@yahoo.com
Marica;El;marica.el@sky.com
Blessing;Ruffinengo;blessing.ruffinengo@zonnet.nl
Stiven;Minnella;stiven.minnella@alice.it
Onorina;Campia;onorina.campia@ntlworld.com
Speranza;Sanna;speranza.sanna@centurytel.net
Lino;Triberti;lino.triberti@msn.com
Fortunato;Bava;fortunato.bava@yahoo.co.jp
Floriana;Foglia;floriana.foglia@hotmail.it
Marjeta;Miotto;marjeta.miotto@live.fr
Mimoza;Cuce;mimoza.cuce@home.nl
Carla;Castagnaro;carla.castagnaro@aim.com
Ilir;Clemente;ilir.clemente@telenet.be
Zoe;Di;zoe.di@yahoo.in
Moreno;Servello;moreno.servello@skynet.be
Alina;Bassignana;alina.bassignana@bigpond.com
Pasqualino;Gastino;pasqualino.gastino@yahoo.com.br
Denisa;Gozzelino;denisa.gozzelino@tin.it
Costantino;Rivella;costantino.rivella@virgilio.it
Moussa;Oldano;moussa.oldano@bigpond.com
Filippa;Baldini;filippa.baldini@yahoo.fr
Saimir;Rondinelli;saimir.rondinelli@tiscali.co.uk
Luis;Dagna;luis.dagna@centurytel.net
Gerardina;Toscano;gerardina.toscano@live.com.au
Adama;Mirra;adama.mirra@hotmail.it
Anastasia;Muraro;anastasia.muraro@yahoo.de
Olivia;Pellegrini;olivia.pellegrini@mac.com
Karim;Platania;karim.platania@bigpond.com
Rosita;Gjolena;rosita.gjolena@bigpond.com
Chanel;Jamal;chanel.jamal@hotmail.it
Mamadou;Serratore;mamadou.serratore@bol.com.br
Lilia;Cattaneo;lilia.cattaneo@mail.ru
Pjeter;Modica;pjeter.modica@skynet.be
Samir;Kalemi;samir.kalemi@telenet.be
Giovanni;Guelfo;giovanni.guelfo@cox.net
Luljeta;Derossi;luljeta.derossi@rediffmail.com
Danila;Perrotta;danila.perrotta@yahoo.it
Mihail;Malabaila;mihail.malabaila@yahoo.co.uk
Brunilda;Lici;brunilda.lici@mac.com
Agim;Zito;agim.zito@optusnet.com.au
Malak;Sciortino;malak.sciortino@live.nl
Dashamir;Napoli;dashamir.napoli@bol.com.br
Elida;Baldo;elida.baldo@qq.com
Santiago;Cellino;santiago.cellino@frontiernet.net
Eric;Domi;eric.domi@sympatico.ca
Ilirjan;Giacosa;ilirjan.giacosa@yahoo.co.uk
Franca;Viale;franca.viale@frontiernet.net
Dumitru;Bergamo;dumitru.bergamo@rediffmail.com
Marwa;Grillo;marwa.grillo@skynet.be
Lulzim;Barraco;lulzim.barraco@yahoo.ca
Christopher;Anzalone;christopher.anzalone@tiscali.co.uk
Adrian;Cocito;adrian.cocito@live.it
Sante;Grassi;sante.grassi@shaw.ca
Klajdi;Xu;klajdi.xu@qq.com
Gioacchina;Iorillo;gioacchina.iorillo@bol.com.br
Albana;Giglio;albana.giglio@yahoo.co.id
Antonetta;Giachino;antonetta.giachino@mail.com
Sonila;Crosetti;sonila.crosetti@live.co.uk
Shpresa;La;shpresa.la@aliceadsl.fr
Katja;Caldarola;katja.caldarola@live.com
Blerta;Gallucci;blerta.gallucci@arcor.de
Rosemma;Karaj;rosemma.karaj@orange.fr
Selene;Benetti;selene.benetti@ig.com.br
Catia;Venezia;catia.venezia@yahoo.com.br
Gisella;Gueye;gisella.gueye@gmx.net
Brunella;Arena;brunella.arena@yahoo.co.id
Klevis;Giaretto;klevis.giaretto@telenet.be
Luna;Scanavino;luna.scanavino@live.com
Daria;Lepore;daria.lepore@wanadoo.fr
Eduart;Carpignano;eduart.carpignano@outlook.com
Gjon;Colucci;gjon.colucci@virgilio.it
Gioia;Defendi;gioia.defendi@optonline.net
Naomi;Scavino;naomi.scavino@yahoo.com.au
Maria;Stroppiana;maria.stroppiana@sfr.fr
Paola;Cammarata;paola.cammarata@bol.com.br
Leila;Dallosta;leila.dallosta@live.fr
Andreea;Barbera;andreea.barbera@yahoo.co.jp
Enkeleda;Paniate;enkeleda.paniate@yahoo.com.mx
Salma;Borelli;salma.borelli@live.nl
Rossano;Di;rossano.di@aliceadsl.fr
Liam;Fedele;liam.fedele@orange.fr
Doriana;Gjini;doriana.gjini@yahoo.co.uk
Najat;Meda;najat.meda@libero.it
Aniello;Marotta;aniello.marotta@alice.it
Mark;Cossetta;mark.cossetta@shaw.ca
Giosue;Frasson;giosue.frasson@earthlink.net
Girolamo;Damasio;girolamo.damasio@bluewin.ch
Giulietta;Zouhair;giulietta.zouhair@outlook.com
Secondino;Doglio;secondino.doglio@rambler.ru
Gjergj;Gabutti;gjergj.gabutti@web.de
Mariacristina;Principe;mariacristina.principe@home.nl
Giuseppe;Barolo;giuseppe.barolo@yahoo.es
Biagio;Cipolla;biagio.cipolla@gmx.de
Teodora;Ambrosone;teodora.ambrosone@googlemail.com
Marjan;Bela;marjan.bela@hetnet.nl
Ardian;Pucci;ardian.pucci@wanadoo.fr
Jurgen;Siccardi;jurgen.siccardi@verizon.net
Sveva;Solimeo;sveva.solimeo@yahoo.de
Jonida;Faussone;jonida.faussone@gmx.de
Merita;Salvatore;merita.salvatore@hetnet.nl
Ghizlane;Greca;ghizlane.greca@centurytel.net
Franco;Tosetti;franco.tosetti@ntlworld.com
Edlira;Gnan;edlira.gnan@virgilio.it
Libera;Mema;libera.mema@live.nl
Modou;Caimotto;modou.caimotto@bigpond.net.au
Eufemia;Poli;eufemia.poli@terra.com.br
Desiree;La;desiree.la@live.co.uk
Antony;Finocchiaro;antony.finocchiaro@freenet.de
Muhammad;Mugavero;muhammad.mugavero@comcast.net
Giordano;Tomalino;giordano.tomalino@yahoo.de
Jasmine;Negrisolo;jasmine.negrisolo@aliceadsl.fr
Gabriella;Floro;gabriella.floro@uol.com.br
Robert;Medico;robert.medico@bigpond.net.au
Aferdita;Perrucci;aferdita.perrucci@ig.com.br
Lahcen;Manzoni;lahcen.manzoni@yahoo.co.jp
Faith;Rocco;faith.rocco@cox.net
Lavinia;Anania;lavinia.anania@yahoo.co.uk
Elvis;Gligora;elvis.gligora@yahoo.com
Nicol;Cigliuti;nicol.cigliuti@charter.net
Nizar;Mbengue;nizar.mbengue@sky.com
Ludovico;Giovara;ludovico.giovara@verizon.net
Nour;Masiero;nour.masiero@mail.com
Florian;DAngella;florian.dangella@yahoo.com.sg
Giliola;Ciliberti;giliola.ciliberti@yahoo.it
Silvana;De;silvana.de@cox.net
Brahim;Aimone;brahim.aimone@live.ca
Saad;Prendi;saad.prendi@t-online.de
Maria;Cacciatore;maria.cacciatore@aim.com
Maricica;Speranza;maricica.speranza@hotmail.fr
Nikolas;Daneo;nikolas.daneo@yahoo.com.au
Nada;Lo;nada.lo@yahoo.com.au
Latifa;Mighetto;latifa.mighetto@free.fr
Alfio;Coscia;alfio.coscia@planet.nl
Petru;Morellato;petru.morellato@charter.net
Mariam;Gallino;mariam.gallino@me.com
Costanza;Seminara;costanza.seminara@live.nl
Alketa;Steffanelli;alketa.steffanelli@libero.it
Dalila;Scardilla;dalila.scardilla@live.com.au
Bartolomeo;Picco;bartolomeo.picco@mail.com
Evelin;Rallo;evelin.rallo@verizon.net
Stela;Sconfienza;stela.sconfienza@orange.fr
Joy;Oliva;joy.oliva@live.com
Albino;Ferrato;albino.ferrato@hotmail.de
Dallandyshe;Avanzato;dallandyshe.avanzato@yahoo.com.ar
Natalino;Pallaro;natalino.pallaro@neuf.fr
Abdoulaye;Bufalino;abdoulaye.bufalino@web.de
Blerim;Santi;blerim.santi@yahoo.de
Fiorina;Eterno;fiorina.eterno@t-online.de
Annarita;Girardi;annarita.girardi@charter.net
Alfonsa;Cutaia;alfonsa.cutaia@me.com
Assia;Povero;assia.povero@laposte.net
Dea;Di;dea.di@tiscali.it
Clementina;Bassi;clementina.bassi@yahoo.ca
Gentjan;Calvaccio;gentjan.calvaccio@bluewin.ch
Asja;Ndreu;asja.ndreu@bluewin.ch
Marinela;Marzo;marinela.marzo@yahoo.com.mx
Dora;Guerra;dora.guerra@mac.com
Ioana;Zanutto;ioana.zanutto@orange.fr
Adelaide;Sanlorenzo;adelaide.sanlorenzo@terra.com.br
Mehmet;Rexhepi;mehmet.rexhepi@mac.com
Iuliana;Gullotto;iuliana.gullotto@live.nl
Brayan;Galliano;brayan.galliano@live.nl
Girolama;Spataro;girolama.spataro@qq.com
Leandra;Galati;leandra.galati@gmx.de
Suela;Costanzo;suela.costanzo@yahoo.fr
Walid;Sartor;walid.sartor@aim.com
Maria;Pivato;maria.pivato@yahoo.co.jp
Sindi;Tosello;sindi.tosello@home.nl
Mikel;Harchi;mikel.harchi@gmx.de
Vasilica;Mele;vasilica.mele@live.com
Abderrahmane;Dessimone;abderrahmane.dessimone@charter.net
Asya;Capobianco;asya.capobianco@hotmail.co.uk
Emmanuel;Alla;emmanuel.alla@hotmail.com
Palmina;Catena;palmina.catena@sympatico.ca
Imran;De;imran.de@yahoo.co.jp
Ionel;Agazzi;ionel.agazzi@earthlink.net
Ylenia;Pavone;ylenia.pavone@optonline.net
Maria;Halili;maria.halili@rocketmail.com
Younes;Stefanini;younes.stefanini@bigpond.com
Hamid;Zuccaro;hamid.zuccaro@yahoo.co.id
Klaudio;Abaci;klaudio.abaci@telenet.be
Zohra;Guiotto;zohra.guiotto@sfr.fr
Kujtim;Sarniola;kujtim.sarniola@bellsouth.net
Micol;Pastore;micol.pastore@uol.com.br
Bashkim;Correnti;bashkim.correnti@orange.fr
Sophie;Rubino;sophie.rubino@tiscali.it
Delfina;Salvadore;delfina.salvadore@yahoo.co.jp
Iole;Pisani;iole.pisani@club-internet.fr
Valentyna;Sabia;valentyna.sabia@terra.com.br
Marsel;Porzio;marsel.porzio@charter.net
Shkelqim;Di;shkelqim.di@yahoo.com.sg
Donika;La;donika.la@earthlink.net
Erminio;Arata;erminio.arata@yahoo.it
Saadia;Secco;saadia.secco@verizon.net
Sofia;Furno;sofia.furno@mail.ru
Youness;Fiori;youness.fiori@arcor.de
Piero;Carni;piero.carni@windstream.net
Ismail;Cirio;ismail.cirio@yahoo.fr
Rita;Laiolo;rita.laiolo@bigpond.com
Patrick;Manca;patrick.manca@wanadoo.fr
Bouchra;Pizzutto;bouchra.pizzutto@rocketmail.com
Domnica;Macaione;domnica.macaione@hetnet.nl
John;Rolla;john.rolla@bigpond.net.au
Gianfranca;Morello;gianfranca.morello@yahoo.co.id
Maria;Mascolo;maria.mascolo@frontiernet.net
Giusy;Novelli;giusy.novelli@yandex.ru
Israa;Diliberto;israa.diliberto@optusnet.com.au
Arta;Mastroianni;arta.mastroianni@yahoo.com.ar
Ilary;Aiello;ilary.aiello@mail.ru
Gian;Capuano;gian.capuano@sfr.fr
Galina;Nappo;galina.nappo@aliceadsl.fr
Nello;Aresca;nello.aresca@qq.com
Roland;Schifano;roland.schifano@yahoo.in
Andi;Torino;andi.torino@msn.com
Graziella;Melis;graziella.melis@home.nl
Karima;Farina;karima.farina@sky.com
Meri;Novarese;meri.novarese@juno.com
Mihai;Masi;mihai.masi@blueyonder.co.uk
Duilio;Sbih;duilio.sbih@aim.com
Vitalie;DAmato;vitalie.damato@arcor.de
Malika;Salemi;malika.salemi@shaw.ca
Melisa;Bobba;melisa.bobba@live.com
Ryan;Bigaran;ryan.bigaran@hotmail.de
Shpetim;Accomazzo;shpetim.accomazzo@msn.com
Rosa;Pisistrato;rosa.pisistrato@rediffmail.com
Natasha;Torre;natasha.torre@shaw.ca
Precious;Mustafa;precious.mustafa@outlook.com
Luigj;Lungu;luigj.lungu@yahoo.com.au
Cheikh;Garri;cheikh.garri@terra.com.br
Monia;Maraventano;monia.maraventano@sfr.fr
Edison;Luongo;edison.luongo@bellsouth.net
Nathan;Scarpa;nathan.scarpa@yahoo.com.br
Maria;Volpe;maria.volpe@libero.it
Enrichetta;Ciancio;enrichetta.ciancio@libero.it
Tullio;Madmoun;tullio.madmoun@bluewin.ch
Soukaina;Zanchetta;soukaina.zanchetta@club-internet.fr
Giovanni;Cerutti;giovanni.cerutti@club-internet.fr
Laura;Remondino;laura.remondino@yahoo.it
Clotilde;Pietrapertosa;clotilde.pietrapertosa@live.com.au
Ilario;Haka;ilario.haka@centurytel.net
Dylan;Ingrasci;dylan.ingrasci@aim.com
Ercole;Shpendi;ercole.shpendi@ig.com.br
Tania;Revello;tania.revello@tiscali.co.uk
Camillo;Cassano;camillo.cassano@live.co.uk
Florenc;Demaio;florenc.demaio@hotmail.it
Serenella;Zago;serenella.zago@live.com
Severina;Guzzetta;severina.guzzetta@freenet.de
Margarita;Poncini;margarita.poncini@hetnet.nl
Alban;Dani;alban.dani@arcor.de
Mourad;Miceli;mourad.miceli@googlemail.com
Albertina;Zucca;albertina.zucca@telenet.be
Dritan;Cavalotto;dritan.cavalotto@yahoo.com.au
Abdelhak;Re;abdelhak.re@outlook.com
Luiza;Tessitore;luiza.tessitore@t-online.de
Ermelinda;Castiglione;ermelinda.castiglione@live.com
El;Giargia;el.giargia@hotmail.fr
Amir;Troci;amir.troci@virgilio.it
Mariarosaria;Piccicuto;mariarosaria.piccicuto@bol.com.br
Anisoara;Bonifacio;anisoara.bonifacio@tiscali.co.uk
Ramona;Amormino;ramona.amormino@tin.it
Lauro;Varvello;lauro.varvello@windstream.net
Rajmonda;Cavaleri;rajmonda.cavaleri@gmx.de
Brendon;Becchio;brendon.becchio@yahoo.com.ar
Dhurata;Barra;dhurata.barra@yahoo.co.in
Egidio;Guradeci;egidio.guradeci@sfr.fr
Liviana;Longu;liviana.longu@arcor.de
Desire;Bonelli;desire.bonelli@yahoo.co.uk
Vjollca;Rocchi;vjollca.rocchi@tiscali.co.uk
Rosa;Pomo;rosa.pomo@yahoo.com
Bilal;Avveduto;bilal.avveduto@outlook.com
Mateo;Marchiori;mateo.marchiori@yahoo.ca
Silvia;Broccardo;silvia.broccardo@live.fr
Zineb;Carlucci;zineb.carlucci@telenet.be
Pietra;Dadone;pietra.dadone@live.nl
Giovanni;De;giovanni.de@t-online.de
Fatos;Pascariello;fatos.pascariello@yahoo.com
Jonathan;Bucciol;jonathan.bucciol@bol.com.br
Vanna;Giraudi;vanna.giraudi@hotmail.co.uk
Ioan;Delpiano;ioan.delpiano@yahoo.com.au
Olimpia;Lovisone;olimpia.lovisone@ymail.com
Rachida;Giuliani;rachida.giuliani@sfr.fr
Tonin;Gaia;tonin.gaia@googlemail.com
Lenuta;Draetta;lenuta.draetta@tin.it
Luan;Toma;luan.toma@skynet.be
Elide;Marangoni;elide.marangoni@me.com
Maria;Ariosto;maria.ariosto@tiscali.it
Irena;Parigi;irena.parigi@tiscali.it
Rozeta;Costantini;rozeta.costantini@live.com
Imad;Nuku;imad.nuku@hotmail.com
Giovanni;Fragale;giovanni.fragale@msn.com
Megi;Cantore;megi.cantore@juno.com
Luce;Pupello;luce.pupello@live.com
Mafalda;Barisone;mafalda.barisone@club-internet.fr
Fatima;Ventimiglia;fatima.ventimiglia@orange.fr