s000001;Arienti;Brunilde;brunilde.arienti@gmail.it
s000002;Bertanzi Bianchin;Gianbattista;gianbattista.bertanzibianchin@gmail.com
s000003;Mauriello;Natale;natale.mauriello@yahoo.it
s000004;Galuppo Cimarosto;Marino Decimo Tiziano;marinodecimotiziano.galuppocimarosto@lycos.it
s000005;Candotti;Venanzio;venanzio.candotti@katamail.it
s000006;Gosparini;Oscar;oscar.gosparini@lycos.it
s000007;Frezzolini;Ottilia;ottilia.frezzolini@virgilio.it
s000008;Capilungo;Napoleone Nicolò;napoleonenicol.capilungo@virgilio.it
s000009;Marrocco Palmiotti;Pericle;peri.marr@gmail.com
s000010;Cardarello Veschi;Leandro;leandro.cardarelloveschi@tin.it
s000011;Mambretti Inghirami;Pippo;pippo.mambrettiinghirami@aruba.it
s000012;Fappani;Aurelia;aure.fapp@yahoo.it
s000013;Tosoni;Aristo Donato;aristodonato.tosoni@virgilio.it
s000014;Mancone;Graziano;graziano.mancone@tin.it
s000015;Cazzulani;Benito Ruperto;benitoruperto.cazzulani@gmail.com
s000016;Sargenti;Igor;igor.sargenti@hotmail.com
s000017;Soffientini;Donatella;dsoffientini@gmail.it
s000018;Bacelieri Fassa;Abramo Giordano;abramogiordano.bacelierifass
s000019;Aloise;Marianna;marianna.aloise@aruba.it
s000020;Vicinanza Pudda;Graziano Ugolino;graz.vici@tele2.it
s000021;Alisio;Barnaba;barnaba.alisio@teletu.it
s000022;Liotto;Oliviero;oliviero.liotto@teletu.it
s000023;Turrina Avanzini;Fiammetta;fiam.turr@yahoo.com
s000024;Ciaralli;Rodrigo;rodr.ciar@tele2.it
s000025;Lanzarotto;Spartaco;spartaco.lanzarotto@virgilio.it
s000026;Migliavacca;Gianpaolo;gian.migl@yahoo.com
s000027;Freri;Lea Piera;leapiera.freri@yahoo.com
s000028;Vicario;Fabiano;fvicario@yahoo.com
s000029;Amellio;Eusebio;eusebio.amellio@teletu.it
s000030;Ferrilli;Adamo;adam.ferr@gmail.com
s000031;Goretta;Ladislao Lazzaro;ladi.gore@lycos.it
s000032;Lorenzini Cavallo;Girolamo;g.lorenzinicavallo@libero.it
s000033;Fabbrica;Aleandro;aleandro.fabbrica@lycos.it
s000034;Giancolo;Luciano;luciano.giancolo@aruba.it
s000035;Alessandrelli;Romolo Fabrizio;romolofabrizio.alessandrelli@tiscali.it
s000036;Scarlatti Antoniotto;Ines;ines.scarlattiantoniotto@yahoo.it
s000037;Isajia;Biagio;b.isajia@gmail.com
s000038;Cabella;Leonardo;leonardo.cabella@virgilio.it
s000039;Biamonte;Federico;fede.biam@gmail.com
s000040;Piscopiello;Alberico Orazio;albericoorazio.piscopiello@gmail.it
s000041;Panizzoli;Carmine;c.panizzoli@teletu.it
s000042;Negrello;Ornella Guenda;ornellaguenda.negrello@gmail.it
s000043;Consolo Vialardi;Lanfranco;lanfranco.consolovialardi@yahoo.it
