d000001;Giuseppe;Musso;giuseppe.musso@wanadoo.fr
d000002;Maria;Cerrato;maria.cerrato@arcor.de
d000003;Andrea;Seferovic;andrea.seferovic@free.fr
d000004;Francesco;Ferrero;roberto.cadoni@orange.fr
d000005;Francesco;Feltrin;rebeca.feltrin@gmail.fr
d000006;Alessandro;Conti;alessandro.conti@bluewin.ch
d000007;Giovanni;Bianco;giovanni.bianco@freenet.de
d000008;Marie;Mostafa;marie.mostafa@t-online.de
d000009;Hra;Sereno;hra.sereno@yahoo.es
d000010;Emiddio;Savescuti;emiddio@gmail.com
d000011;Salvatrice;Tiri;salvatrice.zolla@live.ca
d000012;Walter Kevin;Lupieri;walter.kevin@alice.it
d000013;Edelina;Gyurka;edelina.gyurka@free.fr
d000014;Marco Maria;Ouzeggane;marco.ouzeggane@wanadoo.fr
d000015;Tina;Negro;tina@club-internet.fr
d000016;Maikon;Jarju;maikon.jarju@earthlink.net
d000017;Giulia;Scipioni;alessia.scipioni@arcor.de
d000018;Fousseyni;Burgio;luigi.gamba@aliceadsl.fr
d000019;Paola;Barbero;paola.barbero@yahoo.it
d000020;Fabio;Hoxha;fabio.hoxha@frontiernet.net
d000021;Stefano;Palumbo;stefano.palumbo@libero.it
d000022;Salvatore;Penna;salvatore.penna@mac.com
d000023;Daniela;Russo;daniela.russo@windstream.net
d000024;Lorenzo;Nosenzo;lorenzo.nosenzo@bluewin.ch
d000025;Elena;Binello;elena.binello@att.net
d000026;Massimo;Rissone;massimo.rissone@freenet.de
d000027;Sara;Ferraris;sara.ferraris@earthlink.net
d000028;Chiara;Bruno;chiara.bruno@bigpond.com
d000029;Laura;Monticone;laura.monticone@bigpond.net.au
d000030;Giuseppina;Saracco;giuseppina.saracco@bluewin.ch
d000031;Giorgio;Nebiolo;giorgio.nebiolo@virgilio.it
d000032;Riccardo;Morra;riccardo.morra@yahoo.de
d000033;Anna;Carbone;anna.carbone@yahoo.it
d000034;Simone;Franco;simone.franco@optusnet.com.au
d000035;Rosa;Marello;rosa.marello@tin.it
d000036;Silvia;Pavese;silvia.pavese@skynet.be
d000037;Angela;Risso;angela.risso@hotmail.co.uk
d000038;Valentina;Marmo;valentina.marmo@mail.com
d000039;Alberto;Perosino;alberto.perosino@live.ca
d000040;Claudio;Bosia;claudio.bosia@live.com
d000041;Franco;Serra;franco.serra@web.de
d000042;Vincenzo;Falcone;vincenzo.falcone@aim.com
d000043;Carlo;Lombardo;carlo.lombardo@centurytel.net
d000044;Maurizio;Rossi;maurizio.rossi@rocketmail.com
d000045;Giovanna;Rizzo;giovanna.rizzo@hotmail.co.uk
d000046;Elisa;Avidano;elisa.avidano@yahoo.co.id
d000047;Martina;Valente;martina.valente@outlook.com
d000048;Patrizia;Schillaci;patrizia.schillaci@mail.ru
d000049;Federico;Brignolo;federico.brignolo@yahoo.de
d000050;Carla;Maggiora;carla.maggiora@ntlworld.com
d000051;Simona;Fornaca;simona.fornaca@yahoo.co.id
d000052;Angelo;Montrucchio;angelo.montrucchio@yahoo.fr
d000053;Cristina;Borio;cristina.borio@bellsouth.net
d000054;Mauro;Accornero;mauro.accornero@freenet.de
d000055;Gabriele;Cotto;gabriele.cotto@facebook.com
d000056;Alessia;Trinchero;alessia.trinchero@outlook.com
d000057;Pietro;Boano;pietro.boano@ntlworld.com
d000058;Lucia;Beganovic;lucia.beganovic@yahoo.es
d000059;Monica;Forno;monica.forno@yahoo.com.ar
d000060;Silvana;Longo;silvana.longo@live.it
d000061;Daniele;Cestari;daniele.cestari@live.fr
d000062;Rita;Gai;rita.gai@bigpond.com
d000063;Barbara;Arri;barbara.arri@bol.com.br
d000064;Michele;Bosticco;michele.bosticco@yandex.ru
d000065;Domenico;Valpreda;domenico.valpreda@hotmail.fr
d000066;Mattia;Gonella;mattia.gonella@telenet.be
d000067;Stefania;Boero;stefania.boero@neuf.fr
d000068;Giorgia;Costa;giorgia.costa@sfr.fr
d000069;Bruno;Scozzaro;bruno.scozzaro@charter.net
d000070;Sergio;Vercelli;sergio.vercelli@msn.com
d000071;Carmela;Testa;carmela.testa@chello.nl
d000072;Federica;Biamino;federica.biamino@hotmail.fr
d000073;Roberta;Mancuso;roberta.mancuso@cox.net
d000074;Teresa;Bo;teresa.bo@yahoo.ca
d000075;Franca;Lazzaro;franca.lazzaro@rediffmail.com
d000076;Antonella;Maschio;antonella.maschio@tin.it
d000077;Enrico;Gentile;enrico.gentile@yahoo.es
d000078;Gianluca;Giordano;gianluca.giordano@tin.it
d000079;Claudia;Falletta;claudia.falletta@zonnet.nl
d000080;Alessandra;Marku;alessandra.marku@bigpond.com
d000081;Luciano;Marchisio;luciano.marchisio@yahoo.com.ar
d000082;Leonardo;Di;leonardo.di@uol.com.br
d000083;Edoardo;Tabaku;edoardo.tabaku@yahoo.co.jp
d000084;Fabrizio;Morando;fabrizio.morando@frontiernet.net
d000085;Alice;Argenta;alice.argenta@uol.com.br
d000086;Marisa;Masoero;marisa.masoero@hotmail.co.uk
d000087;Sofia;Giuliano;sofia.giuliano@sympatico.ca
d000088;Tommaso;Pellitteri;tommaso.pellitteri@ymail.com
d000089;Aurora;Moro;aurora.moro@bellsouth.net
d000090;Alessio;Sinani;alessio.sinani@libero.it
d000091;Margherita;Cavallero;margherita.cavallero@hetnet.nl
d000092;Caterina;Sacco;caterina.sacco@yahoo.it
d000093;Rosanna;Fassone;rosanna.fassone@aliceadsl.fr
d000094;Ilaria;Ferraro;ilaria.ferraro@rediffmail.com
d000095;Filippo;Cortese;filippo.cortese@bigpond.com
d000096;Graziella;Molino;graziella.molino@att.net
d000097;Nicolo;Gatti;nicolo.gatti@gmail.com
d000098;Beatrice;Porcellana;beatrice.porcellana@arcor.de
d000099;Piero;Basso;piero.basso@yandex.ru
d000100;Tiziana;Valenzano;tiziana.valenzano@wanadoo.fr
d000101;Bruna;Cavallo;bruna.cavallo@voila.fr
d000102;Elisabetta;Calosso;elisabetta.calosso@yahoo.de
d000103;Manuela;Capra;manuela.capra@tin.it
d000104;Christian;Lamattina;christian.lamattina@neuf.fr
d000105;Diego;Borello;diego.borello@mac.com
d000106;Maria;Barberis;maria.barberis@aliceadsl.fr
d000107;Giancarlo;Bresciani;giancarlo.bresciani@rocketmail.com
d000108;Giuseppa;Massano;giuseppa.massano@alice.it
d000109;Renato;Romano;renato.romano@sympatico.ca
d000110;Irene;Bertolino;irene.bertolino@centurytel.net
d000111;Valeria;Quirico;valeria.quirico@aol.com
d000112;Cinzia;Finotto;cinzia.finotto@mail.com
d000113;Luciana;Lamberti;luciana.lamberti@hotmail.de
d000114;Antonietta;Rainero;antonietta.rainero@live.co.uk
d000115;Giacomo;Macagno;giacomo.macagno@att.net
d000116;Marina;Perrone;marina.perrone@hotmail.com
d000117;Sabrina;Pia;sabrina.pia@live.com
d000118;Gianfranco;Roasio;gianfranco.roasio@chello.nl
d000119;Rebecca;De;rebecca.de@tiscali.co.uk
d000120;Marta;Novara;marta.novara@windstream.net
d000121;Gabriella;Martinengo;gabriella.martinengo@uol.com.br
d000122;Eleonora;Quaglia;eleonora.quaglia@outlook.com
d000123;Serena;Gianotti;serena.gianotti@arcor.de
d000124;Concetta;Basile;concetta.basile@facebook.com
d000125;Nadia;Camerano;nadia.camerano@live.co.uk
d000126;Arianna;Mussa;arianna.mussa@live.com.au
d000127;Nicola;Cerruti;nicola.cerruti@virgilio.it
d000128;Michela;Bosco;michela.bosco@optonline.net
d000129;Emanuele;Ferrara;emanuele.ferrara@live.fr
d000130;Emanuela;Vigna;emanuela.vigna@hotmail.es
d000131;Pasquale;DAmico;pasquale.damico@live.co.uk
d000132;Aldo;Lanfranco;aldo.lanfranco@yahoo.co.id
d000133;Vittoria;Mattina;vittoria.mattina@bigpond.com
d000134;Massimiliano;Roggero;massimiliano.roggero@bellsouth.net
d000135;Samuele;Bonino;samuele.bonino@terra.com.br
d000136;Piera;Bullari;piera.bullari@yahoo.it
d000137;Loredana;Ricci;loredana.ricci@centurytel.net
d000138;Giuliana;Manta;giuliana.manta@sfr.fr
d000139;Maria;Chiusano;maria.chiusano@neuf.fr
d000140;Emma;Berruti;emma.berruti@hotmail.de
d000141;Antonino;Pregno;antonino.pregno@att.net
d000142;Adriana;Bona;adriana.bona@windstream.net
d000143;Maria;Tona;maria.tona@aliceadsl.fr
d000144;Noemi;Piano;noemi.piano@optonline.net
d000145;Vittorio;Rasero;vittorio.rasero@club-internet.fr
d000146;Guido;Coppola;guido.coppola@comcast.net
d000147;Luigina;Fernicola;luigina.fernicola@live.fr
d000148;Veronica;Rinaldi;veronica.rinaldi@mail.ru
d000149;Gaia;Cela;gaia.cela@rocketmail.com
d000150;Carmelo;Garrone;carmelo.garrone@virgilio.it
d000151;Giada;Balla;giada.balla@bol.com.br
d000152;Matilde;Esposito;matilde.esposito@optusnet.com.au
d000153;Jacopo;Gulino;jacopo.gulino@mac.com
d000154;Flavio;Alongi;flavio.alongi@yandex.ru
d000155;Vincenza;Sattanino;vincenza.sattanino@live.fr
d000156;Jessica;Cimino;jessica.cimino@optonline.net
d000157;Annamaria;Guza;annamaria.guza@laposte.net
d000158;Mirko;Ghia;mirko.ghia@msn.com
d000159;Valter;Cannella;valter.cannella@yahoo.co.jp
d000160;Gianni;Grosso;gianni.grosso@centurytel.net
d000161;Sonia;Carosso;sonia.carosso@gmx.de
d000162;Giulio;Borgo;giulio.borgo@virgilio.it
d000163;Gaetano;Tarasco;gaetano.tarasco@yahoo.com.au
d000164;Luisa;Leone;luisa.leone@yahoo.co.in
d000165;Renzo;Kociu;renzo.kociu@tiscali.it
d000166;Maria;Merlone;maria.merlone@tiscali.co.uk
d000167;Isabella;Gianoglio;isabella.gianoglio@facebook.com
d000168;Greta;Olivero;greta.olivero@chello.nl
d000169;Antonia;Bella;antonia.bella@windstream.net
d000170;Liliana;Pavan;liliana.pavan@zonnet.nl
d000171;Calogero;Ivaldi;calogero.ivaldi@earthlink.net
d000172;Adriano;Baldi;adriano.baldi@mac.com
d000173;Annalisa;Pistone;annalisa.pistone@charter.net
d000174;Renata;Poggio;renata.poggio@aol.com
d000175;Raffaele;Gherlone;raffaele.gherlone@sky.com
d000176;Mirella;Ollino;mirella.ollino@windstream.net
d000177;Enzo;Bagnasco;enzo.bagnasco@charter.net
d000178;Umberto;Dushku;umberto.dushku@yahoo.co.uk
d000179;Dario;Gagliardi;dario.gagliardi@telenet.be
d000180;Cecilia;Pollina;cecilia.pollina@hotmail.co.uk
d000181;Cristian;Cravanzola;cristian.cravanzola@yahoo.com.ar
d000182;Mohamed;Greco;mohamed.greco@yahoo.com
d000183;Raffaella;Mortara;raffaella.mortara@bluewin.ch
d000184;Grazia;Sardi;grazia.sardi@ymail.com
d000185;Vito;Scaglione;vito.scaglione@skynet.be
d000186;Rocco;Scalzo;rocco.scalzo@ymail.com
d000187;Bianca;Sorba;bianca.sorba@aim.com
d000188;Lidia;Manetta;lidia.manetta@hotmail.it
d000189;Ivana;Parisi;ivana.parisi@yahoo.com
d000190;Olga;Bellone;olga.bellone@verizon.net
d000191;Danilo;Sorce;danilo.sorce@live.com
d000192;Erika;Bosio;erika.bosio@yandex.ru
d000193;Camilla;Cavagnero;camilla.cavagnero@yahoo.de
d000194;Luigia;Noto;luigia.noto@virgilio.it
d000195;Adele;Hu;adele.hu@comcast.net
d000196;Ornella;Ferro;ornella.ferro@yahoo.com.au
d000197;Carlotta;Montanella;carlotta.montanella@bluewin.ch
d000198;Ezio;Caputo;ezio.caputo@outlook.com
d000199;Nicoletta;Gardino;nicoletta.gardino@bellsouth.net
d000200;Rosaria;Vitale;rosaria.vitale@yahoo.fr
d000201;Manuel;Furlanetto;manuel.furlanetto@bigpond.net.au
d000202;Rosario;Parodi;rosario.parodi@live.com.au
d000203;Elio;Messina;elio.messina@verizon.net
d000204;Clara;Bosso;clara.bosso@rocketmail.com
d000205;Ivan;Alciati;ivan.alciati@live.com
d000206;Daniel;Goria;daniel.goria@sfr.fr
d000207;Donatella;Berzano;donatella.berzano@verizon.net
d000208;Denis;Duretto;denis.duretto@hetnet.nl
d000209;Carmine;Capello;carmine.capello@sky.com
d000210;Donato;Dezani;donato.dezani@yahoo.in
d000211;Silvio;Catalano;silvio.catalano@hotmail.it
d000212;Rosalia;Cuniberti;rosalia.cuniberti@zonnet.nl
d000213;Letizia;Rampone;letizia.rampone@windstream.net
d000214;Marcello;Miroglio;marcello.miroglio@bluewin.ch
d000215;Alex;Vitello;alex.vitello@yahoo.de
d000216;Melissa;Boido;melissa.boido@free.fr
d000217;Ludovica;Coppo;ludovica.coppo@ig.com.br
d000218;Marianna;Ercole;marianna.ercole@virgilio.it
d000219;Domenica;Massa;domenica.massa@hotmail.de
d000220;Emilia;Kasa;emilia.kasa@tiscali.it
d000221;Ginevra;Grieco;ginevra.grieco@yahoo.com.br
d000222;Enrica;Rabino;enrica.rabino@hotmail.it
d000223;Maddalena;Pellegrino;maddalena.pellegrino@earthlink.net
d000224;Omar;Rovero;omar.rovero@bigpond.com
d000225;Assunta;Orlando;assunta.orlando@yahoo.fr
d000226;Cesare;Marengo;cesare.marengo@home.nl
d000227;Armando;Elezi;armando.elezi@hotmail.de
d000228;Fatima;Carretto;fatima.carretto@hotmail.de
d000229;Maria;Ratti;maria.ratti@skynet.be
d000230;Marinella;Boccia;marinella.boccia@juno.com
d000231;Susanna;Pepe;susanna.pepe@uol.com.br
d000232;Filomena;Maggiorotto;filomena.maggiorotto@optonline.net
d000233;Thomas;Lafleur;thomas.lafleur@live.co.uk
d000234;Carolina;Conte;carolina.conte@live.com
d000235;Marilena;Gambino;marilena.gambino@optusnet.com.au
d000236;Mara;Alessio;mara.alessio@rocketmail.com
d000237;Lina;Barrera;lina.barrera@laposte.net
d000238;Giuliano;Zefi;giuliano.zefi@planet.nl
d000239;Valerio;Steffenino;valerio.steffenino@club-internet.fr
d000240;Elsa;Catizzone;elsa.catizzone@free.fr
d000241;Virginia;Viola;virginia.viola@yahoo.co.in
d000242;Walter;Bianchi;walter.bianchi@rocketmail.com
d000243;Gabriel;Mossino;gabriel.mossino@hotmail.es
d000244;Rossana;Mogliotti;rossana.mogliotti@sky.com
d000245;Iolanda;Cantarella;iolanda.cantarella@bluewin.ch
d000246;Elda;Malandrone;elda.malandrone@yahoo.es
d000247;Carola;Fantino;carola.fantino@orange.fr
d000248;Deborah;Roero;deborah.roero@outlook.com
d000249;Sandro;Dezzani;sandro.dezzani@skynet.be
d000250;Maria;Masenga;maria.masenga@msn.com
d000251;Sandra;Demaria;sandra.demaria@sympatico.ca
d000252;Silvano;Origlia;silvano.origlia@cox.net
d000253;Vera;Zappa;vera.zappa@juno.com
d000254;Gioele;Scaglia;gioele.scaglia@msn.com
d000255;Antonina;Ghione;antonina.ghione@yahoo.in
d000256;Eugenio;Paracchino;eugenio.paracchino@live.co.uk
d000257;Maria;Visconti;maria.visconti@aliceadsl.fr
d000258;Denise;Cavallaro;denise.cavallaro@att.net
d000259;Elvira;Cilia;elvira.cilia@comcast.net
d000260;Marzia;Macario;marzia.macario@yahoo.com
d000261;Gloria;Biglia;gloria.biglia@yahoo.co.jp
d000262;Milena;Badella;milena.badella@live.nl
d000263;Gerardo;Pastrone;gerardo.pastrone@yahoo.de
d000264;Viviana;Valle;viviana.valle@frontiernet.net
d000265;Pierina;Schiavinato;pierina.schiavinato@verizon.net
d000266;Alfredo;Lano;alfredo.lano@terra.com.br
d000267;Calogera;DAngelo;calogera.dangelo@yahoo.com.mx
d000268;Fulvio;Hysa;fulvio.hysa@yahoo.com.sg
d000269;Ida;Novello;ida.novello@wanadoo.fr
d000270;Ahmed;Stabile;ahmed.stabile@charter.net
d000271;Gianpiero;Marchese;gianpiero.marchese@live.it
d000272;Rosella;Natale;rosella.natale@telenet.be
d000273;Vanessa;Cullhaj;vanessa.cullhaj@skynet.be
d000274;Ugo;Mazza;ugo.mazza@gmail.com
d000275;Agnese;Cussotto;agnese.cussotto@hotmail.it
d000276;Mariangela;Marocco;mariangela.marocco@windstream.net
d000277;Debora;Maccagno;debora.maccagno@t-online.de
d000278;Gino;Ruotolo;gino.ruotolo@live.co.uk
d000279;Nella;Arione;nella.arione@windstream.net
d000280;Kevin;Perri;kevin.perri@sympatico.ca
d000281;Ettore;Pugliese;ettore.pugliese@libero.it
d000282;Asia;Mondo;asia.mondo@juno.com
d000283;Emilio;Borgogno;emilio.borgogno@freenet.de
d000284;Nicole;Casetta;nicole.casetta@live.co.uk
d000285;Maria;Giaretti;maria.giaretti@msn.com
d000286;Viola;Ghidella;viola.ghidella@hotmail.de
d000287;Angelica;Lukaj;angelica.lukaj@yahoo.com.br
d000288;Pasqualina;Voglino;pasqualina.voglino@mail.ru
d000289;Rossella;Fasano;rossella.fasano@ymail.com
d000290;Flavia;De;flavia.de@tin.it
d000291;Pierluigi;Caldera;pierluigi.caldera@centurytel.net
d000292;Vilma;Icardi;vilma.icardi@yandex.ru
d000293;Rosalba;Ambrosio;rosalba.ambrosio@live.nl
d000294;Khadija;Fazio;khadija.fazio@aol.com
d000295;Felice;Gallina;felice.gallina@hotmail.fr
d000296;Teresina;Scassa;teresina.scassa@neuf.fr
d000297;Rosa;Sardo;rosa.sardo@yahoo.it
d000298;Tatiana;Lazzarino;tatiana.lazzarino@sbcglobal.net
d000299;Loris;Navone;loris.navone@yahoo.fr
d000300;Secondo;Pesce;secondo.pesce@yahoo.ca
d000301;Mariella;Saviano;mariella.saviano@arcor.de
d000302;David;Tinebra;david.tinebra@yahoo.com.sg
d000303;Erik;Orecchia;erik.orecchia@tiscali.co.uk
d000304;Lucrezia;Gerbi;lucrezia.gerbi@hotmail.de
d000305;Sebastiano;Vogliolo;sebastiano.vogliolo@hotmail.es
d000306;Michelina;Battaglia;michelina.battaglia@freenet.de
d000307;Luisella;Caruso;luisella.caruso@mail.com
d000308;Natalia;Sadikaj;natalia.sadikaj@bigpond.net.au
d000309;Angelina;Toso;angelina.toso@rambler.ru
d000310;Romina;Oddone;romina.oddone@charter.net
d000311;Lorena;Ferlisi;lorena.ferlisi@yahoo.com.au
d000312;Michael;Gerbo;michael.gerbo@sympatico.ca
d000313;Anita;Montersino;anita.montersino@ymail.com
d000314;Erica;Lleshi;erica.lleshi@shaw.ca
d000315;Ines;Amico;ines.amico@qq.com
d000316;Samuel;Saglietti;samuel.saglietti@verizon.net
d000317;Nicholas;Buttaci;nicholas.buttaci@hotmail.fr
d000318;Agostino;Bongiovanni;agostino.bongiovanni@ntlworld.com
d000319;Nicolas;Chirminisi;nicolas.chirminisi@bellsouth.net
d000320;Rosina;Lettieri;rosina.lettieri@live.nl
d000321;Irma;Mendola;irma.mendola@centurytel.net
d000322;Marcella;Tortoriello;marcella.tortoriello@live.com.au
d000323;Gianpaolo;Zanetti;gianpaolo.zanetti@rambler.ru
d000324;Ana;Terzuolo;ana.terzuolo@live.ca
d000325;Salvatrice;Bonello;salvatrice.bonello@googlemail.com
d000326;Fabiana;Panepinto;fabiana.panepinto@yahoo.co.id
d000327;Mariagrazia;Ottaviano;mariagrazia.ottaviano@frontiernet.net
d000328;Benedetta;Martini;benedetta.martini@att.net
d000329;Amelia;Cane;amelia.cane@charter.net
d000330;Rachele;Lombardi;rachele.lombardi@free.fr
d000331;Rina;Parola;rina.parola@gmail.com
d000332;Maura;Turello;maura.turello@gmx.net
d000333;Maria;Ferrari;maria.ferrari@live.fr
d000334;Mohammed;Salimbene;mohammed.salimbene@hotmail.co.uk
d000335;Livio;Manzone;livio.manzone@outlook.com
d000336;Eva;Zecchin;eva.zecchin@hotmail.com
d000337;Stella;Pace;stella.pace@aol.com
d000338;Corrado;Caggiano;corrado.caggiano@zonnet.nl
d000339;Natalina;Nicastro;natalina.nicastro@yahoo.it
d000340;Pierpaolo;Porro;pierpaolo.porro@msn.com
d000341;Remo;Pafundi;remo.pafundi@bellsouth.net
d000342;Alfonso;Ferretti;alfonso.ferretti@yahoo.in
d000343;Fiorella;Maccario;fiorella.maccario@sky.com
d000344;Marika;Vecchio;marika.vecchio@me.com
d000345;Maria;Vergano;maria.vergano@charter.net
d000346;Youssef;Bussi;youssef.bussi@yahoo.com
d000347;Ferdinando;Roberto;ferdinando.roberto@bol.com.br
d000348;Adelina;Baino;adelina.baino@live.nl
d000349;Guglielmo;Costantino;guglielmo.costantino@verizon.net
d000350;Cristiano;Pozzato;cristiano.pozzato@live.nl
d000351;Said;Tirone;said.tirone@yahoo.com
d000352;Vasile;Reggio;vasile.reggio@msn.com
d000353;Gian;Bologna;gian.bologna@yahoo.co.uk
d000354;Gian;Genta;gian.genta@yahoo.co.in
d000355;Samantha;Merlo;samantha.merlo@aol.com
d000356;Cristiana;Piras;cristiana.piras@free.fr
d000357;Fiorenzo;Emma;fiorenzo.emma@live.com.au
d000358;Morena;Varesio;morena.varesio@msn.com
d000359;Ali;Vada;ali.vada@charter.net
d000360;Santina;Nuara;santina.nuara@yahoo.fr
d000361;Carmelina;Rabezzana;carmelina.rabezzana@home.nl
d000362;Gennaro;Fogliati;gennaro.fogliati@hotmail.es
d000363;Diana;Cren;diana.cren@rediffmail.com
d000364;Gaetana;Rocca;gaetana.rocca@virgilio.it
d000365;Ion;Giolito;ion.giolito@juno.com
d000366;Nunzio;Beltracchini;nunzio.beltracchini@virgilio.it
d000367;Rayan;Perino;rayan.perino@me.com
d000368;Enza;Stradella;enza.stradella@aol.com
d000369;Onofrio;Leva;onofrio.leva@gmx.de
d000370;Flora;Velaj;flora.velaj@freenet.de
d000371;Miriam;Roseo;miriam.roseo@live.co.uk
d000372;Iris;Moiso;iris.moiso@arcor.de
d000373;Amedeo;Petrini;amedeo.petrini@gmx.de
d000374;Raffaela;Langella;raffaela.langella@sky.com
d000375;Piergiorgio;Fassi;piergiorgio.fassi@voila.fr
d000376;Maria;Magari;maria.magari@optonline.net
d000377;Rosetta;Crepaldi;rosetta.crepaldi@voila.fr
d000378;Katia;Botto;katia.botto@juno.com
d000379;Aicha;Salatino;aicha.salatino@alice.it
d000380;Miranda;Montesano;miranda.montesano@aol.com
d000381;Cosimo;Martinetto;cosimo.martinetto@hotmail.fr
d000382;Pier;DAgostino;pier.dagostino@yahoo.co.uk
d000383;Santa;Tedesco;santa.tedesco@live.com.au
d000384;Ciro;Veneto;ciro.veneto@sky.com
d000385;Natale;Gardin;natale.gardin@aliceadsl.fr
d000386;Ada;Ferrante;ada.ferrante@ntlworld.com
d000387;Ileana;Vignale;ileana.vignale@shaw.ca
d000388;Arben;Zhou;arben.zhou@gmail.com
d000389;Ester;Uruci;ester.uruci@earthlink.net
d000390;Maria;Gianuzzi;maria.gianuzzi@terra.com.br
d000391;Valentino;Grimaldi;valentino.grimaldi@planet.nl
d000392;Ferruccio;Dacasto;ferruccio.dacasto@laposte.net
d000393;Maria;Cantatore;maria.cantatore@bigpond.net.au
d000394;Lorenza;Pavia;lorenza.pavia@live.it
d000395;Luana;Gasparin;luana.gasparin@yahoo.com
d000396;Ivano;Vinotti;ivano.vinotti@tiscali.co.uk
d000397;Yasmine;Mule;yasmine.mule@terra.com.br
d000398;Eugenia;Ravizza;eugenia.ravizza@verizon.net
d000399;Mihaela;Critelli;mihaela.critelli@planet.nl
d000400;Fatiha;Massasso;fatiha.massasso@mail.com
d000401;Lorella;Ruscalla;lorella.ruscalla@chello.nl
d000402;Luigino;Palermo;luigino.palermo@wanadoo.fr
d000403;Mirco;Carrer;mirco.carrer@yahoo.fr
d000404;Paolina;Gjoni;paolina.gjoni@uol.com.br
d000405;Emily;Dieng;emily.dieng@yahoo.com.mx
d000406;Carmen;Wang;carmen.wang@hetnet.nl
d000407;Amalia;Valfre;amalia.valfre@yahoo.de
d000408;Immacolata;Ingrao;immacolata.ingrao@gmx.net
d000409;Alda;Vespa;alda.vespa@att.net
d000410;Oriana;Guarino;oriana.guarino@rambler.ru
d000411;Gina;Follo;gina.follo@yahoo.com.ar
d000412;Fausto;Vairo;fausto.vairo@club-internet.fr
d000413;Niccolo;Shahini;niccolo.shahini@gmail.com
d000414;Gregorio;Perna;gregorio.perna@sympatico.ca
d000415;Sarah;Sadiku;sarah.sadiku@shaw.ca
d000416;Agata;Di;agata.di@yahoo.com.au
d000417;Maria;Mecja;maria.mecja@yahoo.es
d000418;Livia;Porta;livia.porta@yahoo.fr
d000419;Donata;Bussolino;donata.bussolino@outlook.com
d000420;Ambra;Merlino;ambra.merlino@chello.nl
d000421;Santo;Tatani;santo.tatani@chello.nl
d000422;Lisa;Lazzarato;lisa.lazzarato@planet.nl
d000423;Loretta;Ndiaye;loretta.ndiaye@gmx.de
d000424;Maria;Poppa;maria.poppa@googlemail.com
d000425;Esmeralda;Piccolo;esmeralda.piccolo@yahoo.co.id
d000426;Ilenia;Balbo;ilenia.balbo@mac.com
d000427;Constantin;Salerno;constantin.salerno@web.de
d000428;Romano;Sorrentino;romano.sorrentino@rediffmail.com
d000429;Gianluigi;Dubois;gianluigi.dubois@rambler.ru
d000430;Orazio;Huli;orazio.huli@sympatico.ca
d000431;Irina;Vacchina;irina.vacchina@yahoo.com.br
d000432;Enea;Chen;enea.chen@earthlink.net
d000433;Edmond;Albanese;edmond.albanese@yahoo.co.jp
d000434;Giampiero;Priamo;giampiero.priamo@charter.net
d000435;Pier;Romagnolo;pier.romagnolo@t-online.de
d000436;Damiano;Santoro;damiano.santoro@bol.com.br
d000437;Isabel;Di;isabel.di@wanadoo.fr
d000438;Elia;Trimarco;elia.trimarco@voila.fr
d000439;Victoria;Bugnano;victoria.bugnano@yahoo.com.mx
d000440;Gioacchino;Villata;gioacchino.villata@ymail.com
d000441;Aya;Nobile;aya.nobile@centurytel.net
d000442;Graziano;Gavello;graziano.gavello@hotmail.fr
d000443;Svetlana;Giaccone;svetlana.giaccone@uol.com.br
d000444;Chloe;Bertone;chloe.bertone@neuf.fr
d000445;Azzurra;Saia;azzurra.saia@hotmail.it
d000446;Nina;Campagna;nina.campagna@yahoo.in
d000447;Italo;Ndoka;italo.ndoka@gmail.com
d000448;Fernanda;Diliberto;fernanda.diliberto@live.com.au
d000449;Pierino;Verrua;pierino.verrua@alice.it
d000450;Maria;Guasco;maria.guasco@terra.com.br
d000451;Alma;Trevisan;alma.trevisan@yahoo.com
d000452;Linda;Casalone;linda.casalone@yandex.ru
d000453;Ignazio;Tosetto;ignazio.tosetto@shaw.ca
d000454;Rosangela;Lo;rosangela.lo@yahoo.in
d000455;Annunziata;Gianotto;annunziata.gianotto@mac.com
d000456;Fulvia;Speretta;fulvia.speretta@voila.fr
d000457;Jennifer;Capusso;jennifer.capusso@yahoo.com.mx
d000458;Angela;Reka;angela.reka@virgilio.it
d000459;Osvaldo;Giannicola;osvaldo.giannicola@web.de
d000460;Mustapha;Veiluva;mustapha.veiluva@yahoo.es
d000461;Delia;Drago;delia.drago@laposte.net
d000462;Mariana;Berta;mariana.berta@live.it
d000463;Adam;Hasa;adam.hasa@aol.com
d000464;Martino;Accomasso;martino.accomasso@yahoo.co.in
d000465;Yassine;Ciola;yassine.ciola@chello.nl
d000466;Paolino;Fea;paolino.fea@ig.com.br
d000467;Rachid;Durante;rachid.durante@aim.com
d000468;Abderrahim;Carelli;abderrahim.carelli@yahoo.com.sg
d000469;Pierangelo;Castino;pierangelo.castino@club-internet.fr
d000470;Ernesto;Cantino;ernesto.cantino@windstream.net
d000471;Romeo;Bardhi;romeo.bardhi@earthlink.net
d000472;Clelia;Garbin;clelia.garbin@yahoo.com.ar
d000473;Fernando;Balsamo;fernando.balsamo@blueyonder.co.uk
d000474;Maria;Frontino;maria.frontino@aim.com
d000475;Vincenzina;Romeo;vincenzina.romeo@hotmail.fr
d000476;Marialuisa;Migliasso;marialuisa.migliasso@live.com.au
d000477;Igor;Olivieri;igor.olivieri@rediffmail.com
d000478;Antonello;Lin;antonello.lin@voila.fr
d000479;Fatna;Allkja;fatna.allkja@laposte.net
d000480;Ivo;Fiore;ivo.fiore@earthlink.net
d000481;Micaela;Butera;micaela.butera@tin.it
d000482;Fabiola;Beccaris;fabiola.beccaris@orange.fr
d000483;Zahra;Lorenzato;zahra.lorenzato@yahoo.fr
d000484;Maria;Zanaga;maria.zanaga@uol.com.br
d000485;Hassan;Rolando;hassan.rolando@yahoo.co.uk
d000486;Hamza;Alafleur;hamza.alafleur@hotmail.it
d000487;Secondina;Larocca;secondina.larocca@laposte.net
d000488;Eliana;Amato;eliana.amato@sky.com
d000489;Emanuel;Lafore;emanuel.lafore@yahoo.com.ar
d000490;Nunzia;Aluffi;nunzia.aluffi@verizon.net
d000491;Anila;Varlotta;anila.varlotta@zonnet.nl
d000492;Saverio;Fiora;saverio.fiora@hotmail.co.uk
d000493;Romana;Lazri;romana.lazri@live.co.uk
d000494;Amina;Termini;amina.termini@arcor.de
d000495;Samira;Lo;samira.lo@aol.com
d000496;Attilio;Anselmo;attilio.anselmo@aol.com
d000497;Hajar;Fusco;hajar.fusco@frontiernet.net
d000498;Achille;Aschiero;achille.aschiero@hotmail.de
d000499;Aurelia;Provenzano;aurelia.provenzano@voila.fr
d000500;Dante;Cadeddu;dante.cadeddu@live.it
d000501;Mariateresa;Chiesa;mariateresa.chiesa@live.ca
d000502;Celestina;Licata;celestina.licata@yahoo.it
d000503;Martin;Martino;martin.martino@rambler.ru
d000504;Gian;Potenza;gian.potenza@virgilio.it
d000505;Michelangelo;Maranzana;michelangelo.maranzana@ntlworld.com
d000506;Maria;Randazzo;maria.randazzo@live.ca
d000507;Gemma;Plaku;gemma.plaku@centurytel.net
d000508;Alexandru;Robino;alexandru.robino@yahoo.in
d000509;Violeta;Cravero;violeta.cravero@comcast.net
d000510;Vita;Negri;vita.negri@mail.ru
d000511;Nora;Dervishi;nora.dervishi@blueyonder.co.uk
d000512;Gian;Girola;gian.girola@virgilio.it
d000513;Celeste;Riccio;celeste.riccio@windstream.net
d000514;Altin;Alfieri;altin.alfieri@hotmail.it
d000515;Mariuccia;Curto;mariuccia.curto@yahoo.in
d000516;Renza;Scalia;renza.scalia@yahoo.com.sg
d000517;Giovanna;Diop;giovanna.diop@ymail.com
d000518;Eduard;Camara;eduard.camara@bigpond.net.au
d000519;Oscar;Di;oscar.di@yahoo.co.id
d000520;Clarissa;Cassenti;clarissa.cassenti@outlook.com
d000521;Tamara;Dema;tamara.dema@live.fr
d000522;Pier;Buzukja;pier.buzukja@mac.com
d000523;Gezim;Stella;gezim.stella@live.co.uk
d000524;Dino;Pani;dino.pani@mail.ru
d000525;Marino;Mascia;marino.mascia@mail.ru
d000526;Benedetto;Passarino;benedetto.passarino@sympatico.ca
d000527;Lara;Sega;lara.sega@yahoo.ca
d000528;Gheorghe;Tartaglino;gheorghe.tartaglino@aim.com
d000529;Tiziano;Picone;tiziano.picone@yandex.ru
d000530;Ana;Ali;ana.ali@hotmail.de
d000531;Aurelio;Manfredi;aurelio.manfredi@yahoo.co.id
d000532;Mariarosa;Vaccaneo;mariarosa.vaccaneo@juno.com
d000533;Mia;Piscopo;mia.piscopo@gmail.com
d000534;Egle;Mirigliani;egle.mirigliani@chello.nl
d000535;Cosima;Campo;cosima.campo@uol.com.br
d000536;Rino;Milani;rino.milani@cox.net
d000537;Valbona;Dabbene;valbona.dabbene@gmx.de
d000538;Augusto;Colombo;augusto.colombo@aliceadsl.fr
d000539;Manuele;Damiano;manuele.damiano@virgilio.it
d000540;Sabina;Cavaglia;sabina.cavaglia@terra.com.br
d000541;Amanda;Neri;amanda.neri@hotmail.fr
d000542;Ottavio;Pianta;ottavio.pianta@yahoo.ca
d000543;Concettina;Kodra;concettina.kodra@qq.com
d000544;Besnik;Campini;besnik.campini@ig.com.br
d000545;Zakaria;Dellagaren;zakaria.dellagaren@planet.nl
d000546;Angiolina;Petruzzella;angiolina.petruzzella@libero.it
d000547;William;Dato;william.dato@facebook.com
d000548;Serafina;Ingrasci;serafina.ingrasci@frontiernet.net
d000549;Artur;Pjetri;artur.pjetri@free.fr
d000550;Maria;Bajrami;maria.bajrami@att.net
d000551;Sophia;Passarella;sophia.passarella@ntlworld.com
d000552;Alexandra;Ventura;alexandra.ventura@yahoo.com.sg
d000553;Rodica;Aloi;rodica.aloi@live.fr
d000554;Alfred;Ghi;alfred.ghi@live.it
d000555;Kristian;Preci;kristian.preci@ymail.com
d000556;Ernestina;El;ernestina.el@telenet.be
d000557;Gian;Brondolo;gian.brondolo@frontiernet.net
d000558;Artan;Tikvina;artan.tikvina@ymail.com
d000559;Vittorina;Aceto;vittorina.aceto@tin.it
d000560;Michelino;Gagliano;michelino.gagliano@rambler.ru
d000561;Lucio;Mossotto;lucio.mossotto@optusnet.com.au
d000562;Pamela;Grandi;pamela.grandi@sbcglobal.net
d000563;Dina;Magnone;dina.magnone@yahoo.co.uk
d000564;Petrit;Salamone;petrit.salamone@wanadoo.fr
d000565;Orietta;Cataldo;orietta.cataldo@home.nl
d000566;Hicham;Ragusa;hicham.ragusa@skynet.be
d000567;Simonetta;Civitate;simonetta.civitate@freenet.de
d000568;Miriana;Bincoletto;miriana.bincoletto@zonnet.nl
d000569;Mirela;Raimondo;mirela.raimondo@aim.com
d000570;Albina;Rabbione;albina.rabbione@live.fr
d000571;Orlando;Di;orlando.di@live.it
d000572;Maria;Villani;maria.villani@live.ca
d000573;Anna;Mansone;anna.mansone@mail.com
d000574;Gian;Bergantin;gian.bergantin@yahoo.fr
d000575;Rodolfo;Giovane;rodolfo.giovane@ntlworld.com
d000576;Lindita;Raso;lindita.raso@charter.net
d000577;Aurel;Borin;aurel.borin@aol.com
d000578;Vanda;Federico;vanda.federico@hotmail.es
d000579;Maria;Maggiore;maria.maggiore@free.fr
d000580;Fatmir;Morino;fatmir.morino@gmx.de
d000581;Primo;Milano;primo.milano@uol.com.br
d000582;Germana;De;germana.de@rediffmail.com
d000583;Oreste;Gjoka;oreste.gjoka@qq.com
d000584;Emiliano;Berardi;emiliano.berardi@bluewin.ch
d000585;Giuseppe;Pagliarino;giuseppe.pagliarino@yahoo.fr
d000586;Sharon;Alaimo;sharon.alaimo@zonnet.nl
d000587;Esterina;De;esterina.de@windstream.net
d000588;Piercarlo;Bersano;piercarlo.bersano@comcast.net
d000589;Elia;Marra;elia.marra@gmail.com
d000590;Samanta;Fava;samanta.fava@home.nl
d000591;Regina;Barone;regina.barone@terra.com.br
d000592;Palma;Patti;palma.patti@ymail.com
d000593;Amira;Cherchi;amira.cherchi@orange.fr
d000594;Ayoub;Borgnino;ayoub.borgnino@alice.it
d000595;Klea;Bernardi;klea.bernardi@live.com.au
d000596;Fiorenza;Caria;fiorenza.caria@att.net
d000597;Leandro;Corrado;leandro.corrado@yahoo.de
d000598;Devis;Hafdi;devis.hafdi@neuf.fr
d000599;Naima;Li;naima.li@yahoo.com.au
d000600;Giovanni;Gramaglia;giovanni.gramaglia@verizon.net
d000601;Giovanni;Fasolis;giovanni.fasolis@bigpond.com
d000602;Teresio;Kiptiu;teresio.kiptiu@virgilio.it
d000603;Angioletta;Delpero;angioletta.delpero@telenet.be
d000604;Michelle;Manina;michelle.manina@earthlink.net
d000605;Patrizio;La;patrizio.la@planet.nl
d000606;Benito;Scarzella;benito.scarzella@yahoo.it
d000607;Nicolina;Kovaci;nicolina.kovaci@yahoo.it
d000608;Bryan;Baratta;bryan.baratta@tiscali.co.uk
d000609;Salah;Cioffi;salah.cioffi@cox.net
d000610;Savino;Brunetti;savino.brunetti@ig.com.br
d000611;Ombretta;Lepre;ombretta.lepre@gmail.com
d000612;Maurizia;De;maurizia.de@aim.com
d000613;Ibrahim;Favata;ibrahim.favata@tin.it
d000614;Maria;Cupo;maria.cupo@yahoo.co.in
d000615;Gianna;Galluzzo;gianna.galluzzo@ntlworld.com
d000616;Gaspare;Hotaj;gaspare.hotaj@yahoo.com.au
d000617;Felicia;Impera;felicia.impera@hetnet.nl
d000618;Alida;Chiparo;alida.chiparo@terra.com.br
d000619;Andrei;Monti;andrei.monti@uol.com.br
d000620;Evelina;Maiocco;evelina.maiocco@facebook.com
d000621;Francesco;Altomonte;francesco.altomonte@live.it
d000622;Giampaolo;Ratto;giampaolo.ratto@bigpond.net.au
d000623;Matilda;Rosina;matilda.rosina@centurytel.net
d000624;Agron;Strocco;agron.strocco@facebook.com
d000625;Maria;Pescarmona;maria.pescarmona@windstream.net
d000626;Demetrio;Virciglio;demetrio.virciglio@sympatico.ca
d000627;Sergiu;Barla;sergiu.barla@telenet.be
d000628;Dorina;Santo;dorina.santo@hotmail.com
d000629;Laila;Genovese;laila.genovese@yahoo.com.ar
d000630;Lauretta;Dovano;lauretta.dovano@terra.com.br
d000631;Gabriela;Di;gabriela.di@live.it
d000632;Maria;Di;maria.di@uol.com.br
d000633;Edda;Zhu;edda.zhu@yahoo.co.uk
d000634;Norma;Lahna;norma.lahna@gmx.de
d000635;Edi;Torta;edi.torta@terra.com.br
d000636;Gerarda;Cappello;gerarda.cappello@optusnet.com.au
d000637;Giovannina;Arduino;giovannina.arduino@hotmail.de
d000638;Mathias;Monaco;mathias.monaco@frontiernet.net
d000639;Mina;Caracciolo;mina.caracciolo@yahoo.co.id
d000640;Bledar;Halilovic;bledar.halilovic@hotmail.com
d000641;Albert;Emanuele;albert.emanuele@charter.net
d000642;Maria;Lamcja;maria.lamcja@yahoo.fr
d000643;Francesco;Benedetto;francesco.benedetto@juno.com
d000644;Anna;Celhema;anna.celhema@yahoo.co.in
d000645;Gianmarco;Ottenga;gianmarco.ottenga@rediffmail.com
d000646;Maria;Ambrogio;maria.ambrogio@yahoo.co.uk
d000647;Maria;Secci;maria.secci@gmail.com
d000648;Leonard;Abbate;leonard.abbate@hotmail.it
d000649;Giuseppe;Pettinato;giuseppe.pettinato@bigpond.net.au
d000650;Maria;Zanellato;maria.zanellato@outlook.com
d000651;Alba;Monaco;alba.monaco@yahoo.com.sg
d000652;Aida;Ponzo;aida.ponzo@gmx.de
d000653;Abdellah;Calabrese;abdellah.calabrese@freenet.de
d000654;Viorica;Limardi;viorica.limardi@aim.com
d000655;Katiuscia;Rivetti;katiuscia.rivetti@me.com
d000656;Anthony;Guercio;anthony.guercio@t-online.de
d000657;Anas;Venturello;anas.venturello@web.de
d000658;Ervis;Palma;ervis.palma@gmail.com
d000659;Marius;Chiarle;marius.chiarle@verizon.net
d000660;Pranvera;Magliano;pranvera.magliano@telenet.be
d000661;Adil;Faletti;adil.faletti@juno.com
d000662;Cloe;Braccini;cloe.braccini@windstream.net
d000663;Amine;Vitellaro;amine.vitellaro@live.fr
d000664;Maristella;Stagliano;maristella.stagliano@uol.com.br
d000665;Manjola;Arnone;manjola.arnone@terra.com.br
d000666;Sebastian;Rossetti;sebastian.rossetti@yahoo.fr
d000667;Majlinda;Meschia;majlinda.meschia@yahoo.co.jp
d000668;Rinaldo;Cordino;rinaldo.cordino@telenet.be
d000669;Nicoleta;Fracchia;nicoleta.fracchia@msn.com
d000670;Giancarla;Rustichelli;giancarla.rustichelli@live.co.uk
d000671;Adolfo;Nigro;adolfo.nigro@ig.com.br
d000672;Ermanno;Scarabello;ermanno.scarabello@freenet.de
d000673;Arjan;Di;arjan.di@windstream.net
d000674;Diletta;Sorge;diletta.sorge@gmx.net
d000675;Gentian;Simone;gentian.simone@hotmail.com
d000676;Grazia;Hysaj;grazia.hysaj@sympatico.ca
d000677;Germano;Stelladoro;germano.stelladoro@uol.com.br
d000678;Emiliana;Filipi;emiliana.filipi@home.nl
d000679;Anna;Campaner;anna.campaner@yahoo.com
d000680;Arturo;Pera;arturo.pera@comcast.net
d000681;Stefan;Guarna;stefan.guarna@ntlworld.com
d000682;Ecaterina;Kajno;ecaterina.kajno@yandex.ru
d000683;Aziz;Luisi;aziz.luisi@mail.ru
d000684;Victor;Belvedere;victor.belvedere@shaw.ca
d000685;Amal;Casaburi;amal.casaburi@me.com
d000686;Drita;Paonessa;drita.paonessa@home.nl
d000687;Andrea;Cavagnino;andrea.cavagnino@bellsouth.net
d000688;Giuditta;Muscato;giuditta.muscato@outlook.com
d000689;Catterina;Muratore;catterina.muratore@hetnet.nl
d000690;Hanane;Angelino;hanane.angelino@club-internet.fr
d000691;Sonja;Simoni;sonja.simoni@yahoo.com.sg
d000692;Dennis;Lavagnino;dennis.lavagnino@terra.com.br
d000693;Aleksander;Caratti;aleksander.caratti@alice.it
d000694;Mariano;Cataldi;mariano.cataldi@skynet.be
d000695;Nadejda;Gavazza;nadejda.gavazza@hotmail.it
d000696;Raimonda;Orru;raimonda.orru@sky.com
d000697;Ersilia;Milazzo;ersilia.milazzo@wanadoo.fr
d000698;Kristina;Baha;kristina.baha@tiscali.it
d000699;Arnaldo;Tahaoui;arnaldo.tahaoui@gmail.com
d000700;Sokol;Sallja;sokol.sallja@telenet.be
d000701;Florin;Favaro;florin.favaro@yahoo.com.au
d000702;Endri;Squillari;endri.squillari@rambler.ru
d000703;Giacinto;Gallia;giacinto.gallia@juno.com
d000704;Nicolae;Pinna;nicolae.pinna@hotmail.de
d000705;Giannina;Ponzone;giannina.ponzone@alice.it
d000706;Magda;Liguori;magda.liguori@yahoo.es
d000707;Pia;Moretti;pia.moretti@yahoo.com
d000708;Marica;El;marica.el@sky.com
d000709;Blessing;Ruffinengo;blessing.ruffinengo@zonnet.nl
d000710;Stiven;Minnella;stiven.minnella@alice.it
d000711;Onorina;Campia;onorina.campia@ntlworld.com
d000712;Speranza;Sanna;speranza.sanna@centurytel.net
d000713;Lino;Triberti;lino.triberti@msn.com
d000714;Fortunato;Bava;fortunato.bava@yahoo.co.jp
d000715;Floriana;Foglia;floriana.foglia@hotmail.it
d000716;Marjeta;Miotto;marjeta.miotto@live.fr
d000717;Mimoza;Cuce;mimoza.cuce@home.nl
d000718;Carla;Castagnaro;carla.castagnaro@aim.com
d000719;Ilir;Clemente;ilir.clemente@telenet.be
d000720;Zoe;Di;zoe.di@yahoo.in
d000721;Moreno;Servello;moreno.servello@skynet.be
d000722;Alina;Bassignana;alina.bassignana@bigpond.com
d000723;Pasqualino;Gastino;pasqualino.gastino@yahoo.com.br
d000724;Denisa;Gozzelino;denisa.gozzelino@tin.it
d000725;Costantino;Rivella;costantino.rivella@virgilio.it
d000726;Moussa;Oldano;moussa.oldano@bigpond.com
d000727;Filippa;Baldini;filippa.baldini@yahoo.fr
d000728;Saimir;Rondinelli;saimir.rondinelli@tiscali.co.uk
d000729;Luis;Dagna;luis.dagna@centurytel.net
d000730;Gerardina;Toscano;gerardina.toscano@live.com.au
d000731;Adama;Mirra;adama.mirra@hotmail.it
d000732;Anastasia;Muraro;anastasia.muraro@yahoo.de
d000733;Olivia;Pellegrini;olivia.pellegrini@mac.com
d000734;Karim;Platania;karim.platania@bigpond.com
d000735;Rosita;Gjolena;rosita.gjolena@bigpond.com
d000736;Chanel;Jamal;chanel.jamal@hotmail.it
d000737;Mamadou;Serratore;mamadou.serratore@bol.com.br
d000738;Lilia;Cattaneo;lilia.cattaneo@mail.ru
d000739;Pjeter;Modica;pjeter.modica@skynet.be
d000740;Samir;Kalemi;samir.kalemi@telenet.be
d000741;Giovanni;Guelfo;giovanni.guelfo@cox.net
d000742;Luljeta;Derossi;luljeta.derossi@rediffmail.com
d000743;Danila;Perrotta;danila.perrotta@yahoo.it
d000744;Mihail;Malabaila;mihail.malabaila@yahoo.co.uk
d000745;Brunilda;Lici;brunilda.lici@mac.com
d000746;Agim;Zito;agim.zito@optusnet.com.au
d000747;Malak;Sciortino;malak.sciortino@live.nl
d000748;Dashamir;Napoli;dashamir.napoli@bol.com.br
d000749;Elida;Baldo;elida.baldo@qq.com
d000750;Santiago;Cellino;santiago.cellino@frontiernet.net
d000751;Eric;Domi;eric.domi@sympatico.ca
d000752;Ilirjan;Giacosa;ilirjan.giacosa@yahoo.co.uk
d000753;Franca;Viale;franca.viale@frontiernet.net
d000754;Dumitru;Bergamo;dumitru.bergamo@rediffmail.com
d000755;Marwa;Grillo;marwa.grillo@skynet.be
d000756;Lulzim;Barraco;lulzim.barraco@yahoo.ca
d000757;Christopher;Anzalone;christopher.anzalone@tiscali.co.uk
d000758;Adrian;Cocito;adrian.cocito@live.it
d000759;Sante;Grassi;sante.grassi@shaw.ca
d000760;Klajdi;Xu;klajdi.xu@qq.com
d000761;Gioacchina;Iorillo;gioacchina.iorillo@bol.com.br
d000762;Albana;Giglio;albana.giglio@yahoo.co.id
d000763;Antonetta;Giachino;antonetta.giachino@mail.com
d000764;Sonila;Crosetti;sonila.crosetti@live.co.uk
d000765;Shpresa;La;shpresa.la@aliceadsl.fr
d000766;Katja;Caldarola;katja.caldarola@live.com
d000767;Blerta;Gallucci;blerta.gallucci@arcor.de
d000768;Rosemma;Karaj;rosemma.karaj@orange.fr
d000769;Selene;Benetti;selene.benetti@ig.com.br
d000770;Catia;Venezia;catia.venezia@yahoo.com.br
d000771;Gisella;Gueye;gisella.gueye@gmx.net
d000772;Brunella;Arena;brunella.arena@yahoo.co.id
d000773;Klevis;Giaretto;klevis.giaretto@telenet.be
d000774;Luna;Scanavino;luna.scanavino@live.com
d000775;Daria;Lepore;daria.lepore@wanadoo.fr
d000776;Eduart;Carpignano;eduart.carpignano@outlook.com
d000777;Gjon;Colucci;gjon.colucci@virgilio.it
d000778;Gioia;Defendi;gioia.defendi@optonline.net
d000779;Naomi;Scavino;naomi.scavino@yahoo.com.au
d000780;Maria;Stroppiana;maria.stroppiana@sfr.fr
d000781;Paola;Cammarata;paola.cammarata@bol.com.br
d000782;Leila;Dallosta;leila.dallosta@live.fr
d000783;Andreea;Barbera;andreea.barbera@yahoo.co.jp
d000784;Enkeleda;Paniate;enkeleda.paniate@yahoo.com.mx
d000785;Salma;Borelli;salma.borelli@live.nl
d000786;Rossano;Di;rossano.di@aliceadsl.fr
d000787;Liam;Fedele;liam.fedele@orange.fr
d000788;Doriana;Gjini;doriana.gjini@yahoo.co.uk
d000789;Najat;Meda;najat.meda@libero.it
d000790;Aniello;Marotta;aniello.marotta@alice.it
d000791;Mark;Cossetta;mark.cossetta@shaw.ca
d000792;Giosue;Frasson;giosue.frasson@earthlink.net
d000793;Girolamo;Damasio;girolamo.damasio@bluewin.ch
d000794;Giulietta;Zouhair;giulietta.zouhair@outlook.com
d000795;Secondino;Doglio;secondino.doglio@rambler.ru
d000796;Gjergj;Gabutti;gjergj.gabutti@web.de
d000797;Mariacristina;Principe;mariacristina.principe@home.nl
d000798;Giuseppe;Barolo;giuseppe.barolo@yahoo.es
d000799;Biagio;Cipolla;biagio.cipolla@gmx.de
d000800;Teodora;Ambrosone;teodora.ambrosone@googlemail.com
d000801;Marjan;Bela;marjan.bela@hetnet.nl
d000802;Ardian;Pucci;ardian.pucci@wanadoo.fr
d000803;Jurgen;Siccardi;jurgen.siccardi@verizon.net
d000804;Sveva;Solimeo;sveva.solimeo@yahoo.de
d000805;Jonida;Faussone;jonida.faussone@gmx.de
d000806;Merita;Salvatore;merita.salvatore@hetnet.nl
d000807;Ghizlane;Greca;ghizlane.greca@centurytel.net
d000808;Franco;Tosetti;franco.tosetti@ntlworld.com
d000809;Edlira;Gnan;edlira.gnan@virgilio.it
d000810;Libera;Mema;libera.mema@live.nl
d000811;Modou;Caimotto;modou.caimotto@bigpond.net.au
d000812;Eufemia;Poli;eufemia.poli@terra.com.br
d000813;Desiree;La;desiree.la@live.co.uk
d000814;Antony;Finocchiaro;antony.finocchiaro@freenet.de
d000815;Muhammad;Mugavero;muhammad.mugavero@comcast.net
d000816;Giordano;Tomalino;giordano.tomalino@yahoo.de
d000817;Jasmine;Negrisolo;jasmine.negrisolo@aliceadsl.fr
d000818;Gabriella;Floro;gabriella.floro@uol.com.br
d000819;Robert;Medico;robert.medico@bigpond.net.au
d000820;Aferdita;Perrucci;aferdita.perrucci@ig.com.br
d000821;Lahcen;Manzoni;lahcen.manzoni@yahoo.co.jp
d000822;Faith;Rocco;faith.rocco@cox.net
d000823;Lavinia;Anania;lavinia.anania@yahoo.co.uk
d000824;Elvis;Gligora;elvis.gligora@yahoo.com
d000825;Nicol;Cigliuti;nicol.cigliuti@charter.net
d000826;Nizar;Mbengue;nizar.mbengue@sky.com
d000827;Ludovico;Giovara;ludovico.giovara@verizon.net
d000828;Nour;Masiero;nour.masiero@mail.com
d000829;Florian;DAngella;florian.dangella@yahoo.com.sg
d000830;Giliola;Ciliberti;giliola.ciliberti@yahoo.it
d000831;Silvana;De;silvana.de@cox.net
d000832;Brahim;Aimone;brahim.aimone@live.ca
d000833;Saad;Prendi;saad.prendi@t-online.de
d000834;Maria;Cacciatore;maria.cacciatore@aim.com
d000835;Maricica;Speranza;maricica.speranza@hotmail.fr
d000836;Nikolas;Daneo;nikolas.daneo@yahoo.com.au
d000837;Nada;Lo;nada.lo@yahoo.com.au
d000838;Latifa;Mighetto;latifa.mighetto@free.fr
d000839;Alfio;Coscia;alfio.coscia@planet.nl
d000840;Petru;Morellato;petru.morellato@charter.net
d000841;Mariam;Gallino;mariam.gallino@me.com
d000842;Costanza;Seminara;costanza.seminara@live.nl
d000843;Alketa;Steffanelli;alketa.steffanelli@libero.it
d000844;Dalila;Scardilla;dalila.scardilla@live.com.au
d000845;Bartolomeo;Picco;bartolomeo.picco@mail.com
d000846;Evelin;Rallo;evelin.rallo@verizon.net
d000847;Stela;Sconfienza;stela.sconfienza@orange.fr
d000848;Joy;Oliva;joy.oliva@live.com
d000849;Albino;Ferrato;albino.ferrato@hotmail.de
d000850;Dallandyshe;Avanzato;dallandyshe.avanzato@yahoo.com.ar
d000851;Natalino;Pallaro;natalino.pallaro@neuf.fr
d000852;Abdoulaye;Bufalino;abdoulaye.bufalino@web.de
d000853;Blerim;Santi;blerim.santi@yahoo.de
d000854;Fiorina;Eterno;fiorina.eterno@t-online.de
d000855;Annarita;Girardi;annarita.girardi@charter.net
d000856;Alfonsa;Cutaia;alfonsa.cutaia@me.com
d000857;Assia;Povero;assia.povero@laposte.net
d000858;Dea;Di;dea.di@tiscali.it
d000859;Clementina;Bassi;clementina.bassi@yahoo.ca
d000860;Gentjan;Calvaccio;gentjan.calvaccio@bluewin.ch
d000861;Asja;Ndreu;asja.ndreu@bluewin.ch
d000862;Marinela;Marzo;marinela.marzo@yahoo.com.mx
d000863;Dora;Guerra;dora.guerra@mac.com
d000864;Ioana;Zanutto;ioana.zanutto@orange.fr
d000865;Adelaide;Sanlorenzo;adelaide.sanlorenzo@terra.com.br
d000866;Mehmet;Rexhepi;mehmet.rexhepi@mac.com
d000867;Iuliana;Gullotto;iuliana.gullotto@live.nl
d000868;Brayan;Galliano;brayan.galliano@live.nl
d000869;Girolama;Spataro;girolama.spataro@qq.com
d000870;Leandra;Galati;leandra.galati@gmx.de
d000871;Suela;Costanzo;suela.costanzo@yahoo.fr
d000872;Walid;Sartor;walid.sartor@aim.com
d000873;Maria;Pivato;maria.pivato@yahoo.co.jp
d000874;Sindi;Tosello;sindi.tosello@home.nl
d000875;Mikel;Harchi;mikel.harchi@gmx.de
d000876;Vasilica;Mele;vasilica.mele@live.com
d000877;Abderrahmane;Dessimone;abderrahmane.dessimone@charter.net
d000878;Asya;Capobianco;asya.capobianco@hotmail.co.uk
d000879;Emmanuel;Alla;emmanuel.alla@hotmail.com
d000880;Palmina;Catena;palmina.catena@sympatico.ca
d000881;Imran;De;imran.de@yahoo.co.jp
d000882;Ionel;Agazzi;ionel.agazzi@earthlink.net
d000883;Ylenia;Pavone;ylenia.pavone@optonline.net
d000884;Maria;Halili;maria.halili@rocketmail.com
d000885;Younes;Stefanini;younes.stefanini@bigpond.com
d000886;Hamid;Zuccaro;hamid.zuccaro@yahoo.co.id
d000887;Klaudio;Abaci;klaudio.abaci@telenet.be
d000888;Zohra;Guiotto;zohra.guiotto@sfr.fr
d000889;Kujtim;Sarniola;kujtim.sarniola@bellsouth.net
d000890;Micol;Pastore;micol.pastore@uol.com.br
d000891;Bashkim;Correnti;bashkim.correnti@orange.fr
d000892;Sophie;Rubino;sophie.rubino@tiscali.it
d000893;Delfina;Salvadore;delfina.salvadore@yahoo.co.jp
d000894;Iole;Pisani;iole.pisani@club-internet.fr
d000895;Valentyna;Sabia;valentyna.sabia@terra.com.br
d000896;Marsel;Porzio;marsel.porzio@charter.net
d000897;Shkelqim;Di;shkelqim.di@yahoo.com.sg
d000898;Donika;La;donika.la@earthlink.net
d000899;Erminio;Arata;erminio.arata@yahoo.it
d000900;Saadia;Secco;saadia.secco@verizon.net
d000901;Sofia;Furno;sofia.furno@mail.ru
d000902;Youness;Fiori;youness.fiori@arcor.de
d000903;Piero;Carni;piero.carni@windstream.net
d000904;Ismail;Cirio;ismail.cirio@yahoo.fr
d000905;Rita;Laiolo;rita.laiolo@bigpond.com
d000906;Patrick;Manca;patrick.manca@wanadoo.fr
d000907;Bouchra;Pizzutto;bouchra.pizzutto@rocketmail.com
d000908;Domnica;Macaione;domnica.macaione@hetnet.nl
d000909;John;Rolla;john.rolla@bigpond.net.au
d000910;Gianfranca;Morello;gianfranca.morello@yahoo.co.id
d000911;Maria;Mascolo;maria.mascolo@frontiernet.net
d000912;Giusy;Novelli;giusy.novelli@yandex.ru
d000913;Israa;Diliberto;israa.diliberto@optusnet.com.au
d000914;Arta;Mastroianni;arta.mastroianni@yahoo.com.ar
d000915;Ilary;Aiello;ilary.aiello@mail.ru
d000916;Gian;Capuano;gian.capuano@sfr.fr
d000917;Galina;Nappo;galina.nappo@aliceadsl.fr
d000918;Nello;Aresca;nello.aresca@qq.com
d000919;Roland;Schifano;roland.schifano@yahoo.in
d000920;Andi;Torino;andi.torino@msn.com
d000921;Graziella;Melis;graziella.melis@home.nl
d000922;Karima;Farina;karima.farina@sky.com
d000923;Meri;Novarese;meri.novarese@juno.com
d000924;Mihai;Masi;mihai.masi@blueyonder.co.uk
d000925;Duilio;Sbih;duilio.sbih@aim.com
d000926;Vitalie;DAmato;vitalie.damato@arcor.de
d000927;Malika;Salemi;malika.salemi@shaw.ca
d000928;Melisa;Bobba;melisa.bobba@live.com
d000929;Ryan;Bigaran;ryan.bigaran@hotmail.de
d000930;Shpetim;Accomazzo;shpetim.accomazzo@msn.com
d000931;Rosa;Pisistrato;rosa.pisistrato@rediffmail.com
d000932;Natasha;Torre;natasha.torre@shaw.ca
d000933;Precious;Mustafa;precious.mustafa@outlook.com
d000934;Luigj;Lungu;luigj.lungu@yahoo.com.au
d000935;Cheikh;Garri;cheikh.garri@terra.com.br
d000936;Monia;Maraventano;monia.maraventano@sfr.fr
d000937;Edison;Luongo;edison.luongo@bellsouth.net
d000938;Nathan;Scarpa;nathan.scarpa@yahoo.com.br
d000939;Maria;Volpe;maria.volpe@libero.it
d000940;Enrichetta;Ciancio;enrichetta.ciancio@libero.it
d000941;Tullio;Madmoun;tullio.madmoun@bluewin.ch
d000942;Soukaina;Zanchetta;soukaina.zanchetta@club-internet.fr
d000943;Giovanni;Cerutti;giovanni.cerutti@club-internet.fr
d000944;Laura;Remondino;laura.remondino@yahoo.it
d000945;Clotilde;Pietrapertosa;clotilde.pietrapertosa@live.com.au
d000946;Ilario;Haka;ilario.haka@centurytel.net
d000947;Dylan;Ingrasci;dylan.ingrasci@aim.com
d000948;Ercole;Shpendi;ercole.shpendi@ig.com.br
d000949;Tania;Revello;tania.revello@tiscali.co.uk
d000950;Camillo;Cassano;camillo.cassano@live.co.uk
d000951;Florenc;Demaio;florenc.demaio@hotmail.it
d000952;Serenella;Zago;serenella.zago@live.com
d000953;Severina;Guzzetta;severina.guzzetta@freenet.de
d000954;Margarita;Poncini;margarita.poncini@hetnet.nl
d000955;Alban;Dani;alban.dani@arcor.de
d000956;Mourad;Miceli;mourad.miceli@googlemail.com
d000957;Albertina;Zucca;albertina.zucca@telenet.be
d000958;Dritan;Cavalotto;dritan.cavalotto@yahoo.com.au
d000959;Abdelhak;Re;abdelhak.re@outlook.com
d000960;Luiza;Tessitore;luiza.tessitore@t-online.de
d000961;Ermelinda;Castiglione;ermelinda.castiglione@live.com
d000962;El;Giargia;el.giargia@hotmail.fr
d000963;Amir;Troci;amir.troci@virgilio.it
d000964;Mariarosaria;Piccicuto;mariarosaria.piccicuto@bol.com.br
d000965;Anisoara;Bonifacio;anisoara.bonifacio@tiscali.co.uk
d000966;Ramona;Amormino;ramona.amormino@tin.it
d000967;Lauro;Varvello;lauro.varvello@windstream.net
d000968;Rajmonda;Cavaleri;rajmonda.cavaleri@gmx.de
d000969;Brendon;Becchio;brendon.becchio@yahoo.com.ar
d000970;Dhurata;Barra;dhurata.barra@yahoo.co.in
d000971;Egidio;Guradeci;egidio.guradeci@sfr.fr
d000972;Liviana;Longu;liviana.longu@arcor.de
d000973;Desire;Bonelli;desire.bonelli@yahoo.co.uk
d000974;Vjollca;Rocchi;vjollca.rocchi@tiscali.co.uk
d000975;Rosa;Pomo;rosa.pomo@yahoo.com
d000976;Bilal;Avveduto;bilal.avveduto@outlook.com
d000977;Mateo;Marchiori;mateo.marchiori@yahoo.ca
d000978;Silvia;Broccardo;silvia.broccardo@live.fr
d000979;Zineb;Carlucci;zineb.carlucci@telenet.be
d000980;Pietra;Dadone;pietra.dadone@live.nl
d000981;Giovanni;De;giovanni.de@t-online.de
d000982;Fatos;Pascariello;fatos.pascariello@yahoo.com
d000983;Jonathan;Bucciol;jonathan.bucciol@bol.com.br
d000984;Vanna;Giraudi;vanna.giraudi@hotmail.co.uk
d000985;Ioan;Delpiano;ioan.delpiano@yahoo.com.au
d000986;Olimpia;Lovisone;olimpia.lovisone@ymail.com
d000987;Rachida;Giuliani;rachida.giuliani@sfr.fr
d000988;Tonin;Gaia;tonin.gaia@googlemail.com
d000989;Lenuta;Draetta;lenuta.draetta@tin.it
d000990;Luan;Toma;luan.toma@skynet.be
d000991;Elide;Marangoni;elide.marangoni@me.com
d000992;Maria;Ariosto;maria.ariosto@tiscali.it
d000993;Irena;Parigi;irena.parigi@tiscali.it
d000994;Rozeta;Costantini;rozeta.costantini@live.com
d000995;Imad;Nuku;imad.nuku@hotmail.com
d000996;Giovanni;Fragale;giovanni.fragale@msn.com
d000997;Megi;Cantore;megi.cantore@juno.com
d000998;Luce;Pupello;luce.pupello@live.com
d000999;Mafalda;Barisone;mafalda.barisone@club-internet.fr
d001000;Fatima;Ventimiglia;fatima.ventimiglia@orange.fr
