s000001;Illary;Di;illary.di@sympatico.ca
s000002;Miriam;Benkhada;miriam.benkhada@centurytel.net
s000003;Rachela;Idahosa;rachela.idahosa@libero.it
s000004;Roberto;Cadoni;roberto.cadoni@orange.fr
s000005;Rebeca;Feltrin;rebeca.feltrin@yahoo.fr
s000006;Merj;Khramchenko;merj.khramchenko@live.it
s000007;Renato;Avramo;renato.avramo@aliceadsl.fr
s000008;Marie;Mostafa;marie.mostafa@t-online.de
s000009;Hra;Sereno;hra.sereno@yahoo.es
s000010;Emiddio;Savescu;emiddio.savescu@yahoo.com
s000011;Salvatrice;Zolla;salvatrice.zolla@live.ca
s000012;Walter;Lupieri;walter.lupieri@yahoo.es
s000013;Edelina;Gyurka;edelina.gyurka@free.fr
s000014;Marco;Ouzeggane;marco.ouzeggane@wanadoo.fr
s000015;Tina;Marsano;tina.marsano@club-internet.fr
s000016;Maikon;Jarju;maikon.jarju@earthlink.net
s000017;Alessia;Scipioni;alessia.scipioni@arcor.de
s000018;Fousseyni;Saltarel;fousseyni.saltarel@mac.com
s000019;Belen;Putignano;belen.putignano@web.de
s000020;Neris;Okpako;neris.okpako@hotmail.com
s000021;Ernesto;Frediani;ernesto.frediani@ig.com.br
s000022;Matilde;Gilardino;matilde.gilardino@aim.com
s000023;Desire;Galletto;desiregalletto@libero.it
s000024;Giangiacomo;Caramagna;giangiacomo.caramagna@blueyonder.co.uk
s000025;Kleoparda;Vardaro;kleoparda.vardaro@libero.it
s000026;Osariyekemwen;Arbuez;osariyekemwen.arbuez@hotmail.fr
s000027;Rosabel;El;rosabel.el@hetnet.nl
s000028;Maristella;Zurlo;maristella.zurlo@telenet.be
s000029;Rosetta;Xhambazi;rosetta.xhambazi@sbcglobal.net
s000030;Giuseppina;Id;giuseppina.id@aliceadsl.fr
s000031;Angela;Pistore;angela.pistore@cox.net
s000032;Bushra;Trabucco;bushra.trabucco@yahoo.com.mx
s000033;Viktoriia;Kateshi;viktoriia.kateshi@yahoo.co.in
s000034;Anisse;Tone;anisse.tone@ymail.com
s000035;Alphusainey;Giuga;alphusainey.giuga@ig.com.br
s000036;Gratiela;Babbo;gratiela.babbo@club-internet.fr
s000037;Xhovan;Laveggio;xhovan.laveggio@rambler.ru
s000038;Simon;Cartello;simon.cartello@yahoo.fr
s000039;Cristina;Mantese;cristina.mantese@yahoo.es
s000040;Uldino;Almammadov;uldino.almammadov@alice.it
s000041;Michelina;Celano;michelina.celano@me.com
s000042;Elio;Chira;elio.chira@free.fr
s000043;Fulvia;Fiorino;fulvia.fiorino@hetnet.nl
s000044;Marzia;Simplicio;marzia.simplicio@chello.nl
s000045;Mirabella;Lorenzotti;mirabella.lorenzotti@windstream.net
s000046;Ramson;Fasone;ramson.fasone@chello.nl
s000047;Matteo;Ballerini;matteo.ballerini@charter.net
s000048;Luana;Mailovschi;luana.mailovschi@att.net
s000049;Arjel;Di;arjel.di@yahoo.it
s000050;Yunban;Esley;yunban.esley@windstream.net
s000051;Claudio;Cappelletti;claudio.cappelletti@juno.com
s000052;Moris;Rajapaksha;moris.rajapaksha@comcast.net
s000053;Xiangzhen;Sansonetto;xiangzhen.sansonetto@gmail.com
s000054;Fation;Vitagliano;fation.vitagliano@qq.com
s000055;Mathia;Bravo;mathia.bravo@virgilio.it
s000056;Ami;Rizzolari;ami.rizzolari@optusnet.com.au
s000057;Tommaso;Volta;tommaso.volta@yahoo.co.jp
s000058;Raluca;Ronca;raluca.ronca@bellsouth.net
s000059;Taib;Bin;taib.bin@yahoo.fr
s000060;Paolo;Dokle;paolo.dokle@orange.fr
s000061;Wieslawa;Galve;wieslawa.galve@bol.com.br
s000062;Nosaiba;Di;nosaiba.di@ntlworld.com
s000063;Mario;Anghelakis;mario.anghelakis@yahoo.co.id
s000064;Roberto;Compagni;roberto.compagni@yahoo.co.in
s000065;Nematullah;Di;nematullah.di@neuf.fr
s000066;Happy;Carranti;happy.carranti@live.com.au
s000067;Gioele;Bortoluzzo;gioele.bortoluzzo@wanadoo.fr
s000068;Violeta;Agache;violeta.agache@tin.it
s000069;Yawei;Fia;yawei.fia@hotmail.es
s000070;Ornella;Agyemang;ornella.agyemang@ntlworld.com
s000071;Silvio;Zanovello;silvio.zanovello@sfr.fr
s000072;Maria;Allasio;maria.allasio@yahoo.ca
s000073;Maria;Bergonzoli;maria.bergonzoli@googlemail.com
s000074;Luigino;Khaouti;luigino.khaouti@yahoo.fr
s000075;Cirino;Abidat;cirino.abidat@voila.fr
s000076;Mihai;Cassulo;mihai.cassulo@yahoo.de
s000077;Rrikard;Anghinetti;rrikard.anghinetti@tiscali.co.uk
s000078;Leonina;Scapolan;leonina.scapolan@aliceadsl.fr
s000079;Graziella;Hutanu;graziella.hutanu@yahoo.ca
s000080;Elhadj-Abo;Resega;elhadj-abo.resega@bigpond.com
s000081;Rares;Elwell;rares.elwell@live.com
s000082;Secondo;Baseggio;secondo.baseggio@bol.com.br
s000083;Rokiya;Colonnello;rokiya.colonnello@windstream.net
s000084;Elizabeth;Norelli;elizabeth.norelli@yahoo.es
s000085;Kausara;Barovero;kausara.barovero@msn.com
s000086;Elisabetta;Valdetara;elisabetta.valdetara@yahoo.ca
s000087;Zare;Igbinosun;zare.igbinosun@chello.nl
s000088;Julia;Carassini;julia.carassini@verizon.net
s000089;Giacomo;Ogbeide;giacomo.ogbeide@bol.com.br
s000090;Klevida;Ojeda;klevida.ojeda@bigpond.com
s000091;Valentina;Crapa;valentina.crapa@facebook.com
s000092;Nicole;Di;nicole.di@orange.fr
s000093;Loriana;Picciolo;loriana.picciolo@libero.it
s000094;Florina;Baddou;florina.baddou@yahoo.co.jp
s000095;Pateh;Rubatto;pateh.rubatto@bol.com.br
s000096;Riky;Bordiglia;riky.bordiglia@yandex.ru
s000097;Federico;Pasi;federico.pasi@att.net
s000098;Andrea;Secoli;andrea.secoli@sky.com
s000099;Janja;Colomba;janja.colomba@home.nl
s000100;Roberto;Vona;roberto.vona@zonnet.nl
s000101;Paola;Humed;paola.humed@yahoo.es
s000102;Anselmo;Di;anselmo.di@uol.com.br
s000103;Giuseppe;Popovici;giuseppe.popovici@yahoo.com.ar
s000104;Simone;Navire;simone.navire@outlook.com
s000105;Grazia;De;grazia.de@mail.ru
s000106;Xinzhou;Aimimbeyi;xinzhou.aimimbeyi@yahoo.fr
s000107;Carmen;Fagnola;carmen.fagnola@freenet.de
s000108;Marwane;Conigliaro;marwane.conigliaro@frontiernet.net
s000109;Erjada;Rerhaib;erjada.rerhaib@yandex.ru
s000110;Gioia;Oletta;gioia.oletta@telenet.be
s000111;Tudorita;Ritondo;tudorita.ritondo@att.net
s000112;Elisa;Pelone;elisa.pelone@live.com.au
s000113;Agreen;Cerullo;agreen.cerullo@wanadoo.fr
s000114;Roberto;Zevallos;roberto.zevallos@live.com
s000115;Marco;Gava;marco.gava@hotmail.co.uk
s000116;Dominique;Andolina;dominique.andolina@centurytel.net
s000117;Nella;Okun;nella.okun@cox.net
s000118;Claudio;Maschio;claudio.maschio@gmx.de
s000119;Elda;Fierro;elda.fierro@hotmail.com
s000120;Patrizia;Pena;patrizia.pena@yahoo.com.mx
s000121;Nd�yekhoudia;Morea;nd�yekhoudia.morea@yahoo.com.ar
s000122;Djillali;Tosques;djillali.tosques@tiscali.co.uk
s000123;Manuella;Sinibaldi;manuella.sinibaldi@facebook.com
s000124;Nicla;Cucchiararo;nicla.cucchiararo@web.de
s000125;Natalia;Spinu;natalia.spinu@hotmail.com
s000126;Yenitza;Bloise;yenitza.bloise@sbcglobal.net
s000127;Ketty;Kharbouch;ketty.kharbouch@centurytel.net
s000128;Mohamed;Barba;mohamed.barba@rocketmail.com
s000129;Khrystyna;Battaliero;khrystyna.battaliero@web.de
s000130;Massimo;Baldassari;massimo.baldassari@home.nl
s000131;Reda;Livadhi;reda.livadhi@blueyonder.co.uk
s000132;Loredana;Sonzini;loredana.sonzini@yahoo.co.in
s000133;Mauro;Druetta;mauro.druetta@outlook.com
s000134;Adriana;Godwin;adriana.godwin@yahoo.co.in
s000135;Biancarosa;Yusuf;biancarosa.yusuf@live.it
s000136;Meana;Profeta;meana.profeta@facebook.com
s000137;Luisella;Bagno;luisella.bagno@hetnet.nl
s000138;Michela;Calugarescu;michela.calugarescu@sympatico.ca
s000139;Dulce;Recupero;dulce.recupero@aliceadsl.fr
s000140;Abdeljalil;Chiarlo;abdeljalil.chiarlo@chello.nl
s000141;Alisja;Haxhihyseni;alisja.haxhihyseni@yahoo.es
s000142;Severina;Mihalache;severina.mihalache@gmail.com
s000143;Mariala;Fracasso;mariala.fracasso@libero.it
s000144;Robert;Shen;robert.shen@yahoo.com.ar
s000145;Bartolomeo;Dos;bartolomeo.dos@yahoo.com.sg
s000146;Samuele;Ciuccetti;samuele.ciuccetti@telenet.be
s000147;Sigrid;Angarola;sigrid.angarola@hotmail.fr
s000148;Iniobong;Marzullo;iniobong.marzullo@yahoo.co.uk
s000149;Hajaj;Clementi;hajaj.clementi@wanadoo.fr
s000150;Kawme;Gullifa;kawme.gullifa@outlook.com
s000151;Silvio;Enriotti;silvio.enriotti@yahoo.es
s000152;Silvana;Romanic;silvana.romanic@yahoo.com.mx
s000153;Cristina;Sannazzaro;cristina.sannazzaro@mail.ru
s000154;Elsa;Tincu;elsa.tincu@centurytel.net
s000155;Marisa;Pellegro;marisa.pellegro@shaw.ca
s000156;Melanie;Bernhardt;melanie.bernhardt@optonline.net
s000157;Emilia;Bergadano;emilia.bergadano@frontiernet.net
s000158;Pierluigi;Bruna;pierluigi.bruna@hetnet.nl
s000159;Salvatore;Misu;salvatore.misu@facebook.com
s000160;Azuayi;Civitillo;azuayi.civitillo@libero.it
s000161;Stefania;De;stefania.de@facebook.com
s000162;Giammaria;Mbacke;giammaria.mbacke@yahoo.fr
s000163;Miriam;Fachin;miriam.fachin@yahoo.com.sg
s000164;Kristel;Besussi;kristel.besussi@sympatico.ca
s000165;Vjollca;Zopegno;vjollca.zopegno@live.ca
s000166;Mohamed;Cozzi;mohamed.cozzi@facebook.com
s000167;Mario;Vurchio;mario.vurchio@ntlworld.com
s000168;Valentino;El;valentino.el@rocketmail.com
s000169;Filippa;Iuri;filippa.iuri@hotmail.it
s000170;Romanus;Montesel;romanus.montesel@bigpond.net.au
s000171;Huqiong;Ronzan;huqiong.ronzan@gmx.net
s000172;Efrosinia;Favrin;efrosinia.favrin@voila.fr
s000173;Jugerta;Della;jugerta.della@free.fr
s000174;Fausto;Varde;fausto.varde@frontiernet.net
s000175;Caterina;Giambarresi;caterina.giambarresi@voila.fr
s000176;Angela;Grespan;angela.grespan@tin.it
s000177;Antonino;Dedja;antonino.dedja@chello.nl
s000178;Drandafille;Tercovnaia;drandafille.tercovnaia@home.nl
s000179;Andrea;Jianu;andrea.jianu@yahoo.co.jp
s000180;Andra;Samoud;andra.samoud@bluewin.ch
s000181;Itohan;Montoneri;itohan.montoneri@ntlworld.com
s000182;Fluturije;Cafaro;fluturije.cafaro@yahoo.ca
s000183;Maria;Micheletti;maria.micheletti@mail.com
s000184;Souhaila;Pojanaku;souhaila.pojanaku@hotmail.co.uk
s000185;Daria;Boschi;daria.boschi@tiscali.co.uk
s000186;Joudy;Muja;joudy.muja@live.com.au
s000187;Secondina;Vicedomini;secondina.vicedomini@aim.com
s000188;Roseanna;Selva;roseanna.selva@rocketmail.com
s000189;Agustin;Isaia;agustin.isaia@juno.com
s000190;Nicoleta;Chiechi;nicoleta.chiechi@optusnet.com.au
s000191;Matias;Obinu;matias.obinu@orange.fr
s000192;Nadjib;Desani;nadjib.desani@yahoo.com.au
s000193;Suiyun;Valdivieso;suiyun.valdivieso@bellsouth.net
s000194;Marcus;Pighi;marcus.pighi@club-internet.fr
s000195;Nadia;Trifan;nadia.trifan@qq.com
s000196;Pier;Bellino;pier.bellino@yahoo.it
s000197;Greta;Campanile;greta.campanile@yahoo.com.mx
s000198;Silvano;Salvagno;silvano.salvagno@tiscali.it
s000199;Fiorella;Mazzani;fiorella.mazzani@sympatico.ca
s000200;Giovanna;Isiniki;giovanna.isiniki@live.ca
s000201;Ida;Erbabona;ida.erbabona@yahoo.co.uk
s000202;Salvatore;Lupis;salvatore.lupis@bluewin.ch
s000203;Carla;Pitzeri;carla.pitzeri@tiscali.co.uk
s000204;Patrizia;Lucaci;patrizia.lucaci@tin.it
s000205;Alijey;Vasquez;alijey.vasquez@arcor.de
s000206;Stefano;Pelissetto;stefano.pelissetto@att.net
s000207;Etlira;Malaainin;etlira.malaainin@tiscali.co.uk
s000208;Maria;Tornatore;maria.tornatore@tiscali.it
s000209;Ernesto;Frola;ernesto.frola@comcast.net
s000210;Pierina;Mattiolo;pierina.mattiolo@libero.it
s000211;Muhammad;Cosentino;muhammad.cosentino@aol.com
s000212;Anastasia;Beri;anastasia.beri@optonline.net
s000213;Teodomiro;Cariulo;teodomiro.cariulo@yahoo.ca
s000214;Elidio;Pacchiella;elidio.pacchiella@juno.com
s000215;Maria;Cannizzaro;maria.cannizzaro@yahoo.co.in
s000216;Ersena;Bruschetini;ersena.bruschetini@sbcglobal.net
s000217;Rowshan;Ciccolari-Micaldi;rowshan.ciccolari-micaldi@bigpond.com
s000218;Sheryl;Serra;sheryl.serra@juno.com
s000219;Prenda;Bruzhdulluesa;prenda.bruzhdulluesa@hotmail.fr
s000220;Muneeb;Riposio;muneeb.riposio@bol.com.br
s000221;Gheorghe;Bisani;gheorghe.bisani@gmail.com
s000222;Vincenza;Cabulliese;vincenza.cabulliese@hotmail.com
s000223;Paola;Scanniello;paola.scanniello@hetnet.nl
s000224;Yarixanda;Carrivale;yarixanda.carrivale@telenet.be
s000225;Patrizia;Zarrilli;patrizia.zarrilli@gmail.com
s000226;Antioco;Griffero;antioco.griffero@bluewin.ch
s000227;Annarosa;Incao;annarosa.incao@yahoo.co.id
s000228;Frank;Okojie;frank.okojie@rediffmail.com
s000229;Neide;Rosato;neide.rosato@yahoo.co.in
s000230;Germano;Blaga;germano.blaga@comcast.net
s000231;Rodica;Hurmuz;rodica.hurmuz@gmx.de
s000232;Munawar;Iacovazzi;munawar.iacovazzi@mail.com
s000233;Chibuzo;Ferchichi;chibuzo.ferchichi@facebook.com
s000234;Abed;Alicastro;abed.alicastro@yahoo.com.ar
s000235;Samad;Massidda;samad.massidda@mail.com
s000236;Madoune;Campagnoli;madoune.campagnoli@frontiernet.net
s000237;Gian;De;gian.de@yahoo.ca
s000238;Junior;Sepe;junior.sepe@uol.com.br
s000239;Ruth;Improda;ruth.improda@hetnet.nl
s000240;Tommaso;Barruscotto;tommaso.barruscotto@yahoo.ca
s000241;Manoella;Di;manoella.di@mail.com
s000242;Calogera;Ongu;calogera.ongu@yahoo.co.jp
s000243;Jakelin;Almammadova;jakelin.almammadova@yahoo.ca
s000244;Gian;Iandolo;gian.iandolo@hotmail.de
s000245;Riccardo;Leo;riccardo.leo@att.net
s000246;Olympia;Vinetti;olympia.vinetti@freenet.de
s000247;Maximiliano;Buratti;maximiliano.buratti@yahoo.com.sg
s000248;Alessandro;Manfanile;alessandro.manfanile@neuf.fr
s000249;Helbert;Gibiino;helbert.gibiino@optonline.net
s000250;Massimo;Cusin;massimo.cusin@live.com
s000251;Leo;Dahou;leo.dahou@blueyonder.co.uk
s000252;Armide;Tedeschini;armide.tedeschini@facebook.com
s000253;Stella;Capussotto;stella.capussotto@gmail.com
s000254;Milena;Ciravegna;milena.ciravegna@verizon.net
s000255;Martin;La;martin.la@planet.nl
s000256;Rosetta;Rosella;rosetta.rosella@yahoo.com.au
s000257;Natalina;Salpietro;natalina.salpietro@yahoo.co.uk
s000258;Tofik;Andenna;tofik.andenna@hotmail.com
s000259;Olivert;Riolo;olivert.riolo@bellsouth.net
s000260;Ledio;Barberini;ledio.barberini@earthlink.net
s000261;Antonio;Burlan;antonio.burlan@shaw.ca
s000262;Veronica;Tomczak;veronica.tomczak@bigpond.net.au
s000263;Colombina;Lakbiche;colombina.lakbiche@optusnet.com.au
s000264;Adriano;Allemandi;adriano.allemandi@yahoo.com.au
s000265;Thomas;Pati;thomas.pati@blueyonder.co.uk
s000266;Andra;Arneodo;andra.arneodo@hetnet.nl
s000267;Aras;Barani;aras.barani@alice.it
s000268;Aurelian;Allia;aurelian.allia@rambler.ru
s000269;Lotfi;Gilca;lotfi.gilca@gmail.com
s000270;Gaetano;Cancilleri;gaetano.cancilleri@home.nl
s000271;Giovanna;Nedelcu;giovanna.nedelcu@yahoo.fr
s000272;Wanderlei;Benazzi;wanderlei.benazzi@ntlworld.com
s000273;Danuzca;Donayre;danuzca.donayre@aliceadsl.fr
s000274;Nadia;Afangbedji;nadia.afangbedji@yahoo.fr
s000275;Paola;Bakhit;paola.bakhit@tiscali.it
s000276;Alessandro;Di;alessandro.di@me.com
s000277;Cazim;Iacovino;cazim.iacovino@hetnet.nl
s000278;Maurizio;Santoriello;maurizio.santoriello@facebook.com
s000279;Lamberto;Lysovska;lamberto.lysovska@live.co.uk
s000280;Ouiam;Gjoshi;ouiam.gjoshi@home.nl
s000281;Jacopo;Giulini;jacopo.giulini@blueyonder.co.uk
s000282;Jarvi;Balde;jarvi.balde@frontiernet.net
s000283;Hui;Ozimo;hui.ozimo@aliceadsl.fr
s000284;Jemer;Bisogni;jemer.bisogni@tiscali.it
s000285;Annamaria;El;annamaria.el@chello.nl
s000286;Talia;Bouchlaghem;talia.bouchlaghem@outlook.com
s000287;Francesco;Cifci;francesco.cifci@t-online.de
s000288;Veronica;Taffaro;veronica.taffaro@blueyonder.co.uk
s000289;Gledison;Pascolati;gledison.pascolati@qq.com
s000290;Florin;Arcara;florin.arcara@gmx.de
s000291;Vannina;Hussain;vannina.hussain@wanadoo.fr
s000292;Gabriele;Baxanean;gabriele.baxanean@rambler.ru
s000293;Safaa;Bennati;safaa.bennati@hetnet.nl
s000294;Foune;Francardi;foune.francardi@juno.com
s000295;Daniel;Acampora;daniel.acampora@yahoo.com.au
s000296;Matteo;Falchero;matteo.falchero@yahoo.com.ar
s000297;Doinita;Meghinasso;doinita.meghinasso@home.nl
s000298;Santina;Avram;santina.avram@rocketmail.com
s000299;Adriana;Governale;adriana.governale@facebook.com
s000300;Nicolo;Giardulli;nicolo.giardulli@uol.com.br
s000301;Daniele;Savarese;daniele.savarese@libero.it
s000302;Luigi;Cuffaro;luigi.cuffaro@optusnet.com.au
s000303;Valentina;Trajcheva;valentina.trajcheva@bluewin.ch
s000304;Arold;Cannone;arold.cannone@yahoo.com.au
s000305;Valter;Moncalvo;valter.moncalvo@hotmail.com
s000306;Miranda;Railean;miranda.railean@sympatico.ca
s000307;Lara;De;lara.de@outlook.com
s000308;Ada;Garnarolo;ada.garnarolo@aim.com
s000309;Sandro;Cottafava;sandro.cottafava@optusnet.com.au
s000310;Luigia;Piancatelli;luigia.piancatelli@sympatico.ca
s000311;Hadil;Di;hadil.di@free.fr
s000312;Chiara;Zapponi;chiara.zapponi@ntlworld.com
s000313;Syazrin;Stanescu;syazrin.stanescu@yahoo.co.uk
s000314;Anamaria-Georgiana;Gruosso;anamaria-georgiana.gruosso@hotmail.com
s000315;Marianna;Laustra;marianna.laustra@zonnet.nl
s000316;Elena;Boccardo;elena.boccardo@skynet.be
s000317;Maura;Borgnetto;maura.borgnetto@home.nl
s000318;Antonino;Curia;antonino.curia@juno.com
s000319;Caterina;Benizi;caterina.benizi@live.com.au
s000320;Odille;Prina-Cerai;odille.prina-cerai@uol.com.br
s000321;Giulia;Facchin;giulia.facchin@yahoo.es
s000322;Sebastiano;Formento;sebastiano.formento@yahoo.de
s000323;Sulayman;Abure;sulayman.abure@yahoo.com.mx
s000324;Chunsong;Lucchesi;chunsong.lucchesi@planet.nl
s000325;Claudia;Bangoura;claudia.bangoura@bellsouth.net
s000326;Safire;Artuso;safire.artuso@libero.it
s000327;Arona;Ronello;arona.ronello@mac.com
s000328;Andr�s;Staccione;andr�s.staccione@frontiernet.net
s000329;Giuseppina;Galimberti;giuseppina.galimberti@tin.it
s000330;Paolo;Vitu;paolo.vitu@aim.com
s000331;Adriane;Cutrona;adriane.cutrona@cox.net
s000332;Luciano;Roque;luciano.roque@live.co.uk
s000333;Elena;Palotto;elena.palotto@charter.net
s000334;Franca;Ali;franca.ali@gmx.net
s000335;Yanxi;Corio;yanxi.corio@zonnet.nl
s000336;Elettra;Asara;elettra.asara@me.com
s000337;Marija;Ardizzone;marija.ardizzone@yahoo.co.in
s000338;Mauro;Bertolino;mauro.bertolino@planet.nl
s000339;Tiziana;Eremita;tiziana.eremita@sbcglobal.net
s000340;Gianpiero;Manuardi;gianpiero.manuardi@outlook.com
s000341;Anna;Qerreti;anna.qerreti@freenet.de
s000342;Marina;Raddi;marina.raddi@me.com
s000343;Jessica;Borrino;jessica.borrino@libero.it
s000344;Gerardina;Cerantola;gerardina.cerantola@hotmail.es
s000345;Sandra;Cardinali;sandra.cardinali@gmx.net
s000346;Francesco;Bitti;francesco.bitti@yahoo.com
s000347;Christian;Silletti;christian.silletti@wanadoo.fr
s000348;Nicolae;Fahmi;nicolae.fahmi@yahoo.fr
s000349;Olga;Marabello;olga.marabello@yahoo.fr
s000350;Fedra;Vrilletti;fedra.vrilletti@yandex.ru
s000351;Marilinda;Astori;marilinda.astori@hotmail.de
s000352;Englentjan;Gorea;englentjan.gorea@sky.com
s000353;Stelia;Garino;stelia.garino@earthlink.net
s000354;Louise;Otiniano;louise.otiniano@live.ca
s000355;Daniela;Rongone;daniela.rongone@telenet.be
s000356;Piermaria;Ali;piermaria.ali@mail.ru
s000357;Violetta;Yan;violetta.yan@live.ca
s000358;Loredana;Tahir;loredana.tahir@live.it
s000359;Anna;Boria;anna.boria@free.fr
s000360;Santino;Guglielmoni;santino.guglielmoni@mail.ru
s000361;Rosangela;Cigliutti;rosangela.cigliutti@gmx.net
s000362;Daniele;Lasaponara;daniele.lasaponara@outlook.com
s000363;Gimmi;Di;gimmi.di@outlook.com
s000364;Kseniya;Bolognin;kseniya.bolognin@hotmail.com
s000365;Sharon;Cottino;sharon.cottino@libero.it
s000366;Neli;Cubeddu;neli.cubeddu@live.ca
s000367;Yacouba;Ogliari;yacouba.ogliari@libero.it
s000368;Elvira;Pasta;elvira.pasta@yahoo.it
s000369;Tef;Patricolo;tef.patricolo@outlook.com
s000370;Ramona;DAnnibale;ramona.dannibale@aol.com
s000371;Chiara;Ohamara;chiara.ohamara@verizon.net
s000372;Savio;Sisinni;savio.sisinni@planet.nl
s000373;Marcello;Vendemia;marcello.vendemia@yahoo.in
s000374;Ewere;Lamari;ewere.lamari@yahoo.in
s000375;Muhammed;Rovere;muhammed.rovere@cox.net
s000376;Manuela;Migliaccio;manuela.migliaccio@earthlink.net
s000377;Annamaria;Di;annamaria.di@att.net
s000378;Ridvana;Semeniuc;ridvana.semeniuc@blueyonder.co.uk
s000379;Silvana;De;silvana.de@arcor.de
s000380;Nublana;Diaco;nublana.diaco@t-online.de
s000381;Yu;Konate;yu.konate@yandex.ru
s000382;Yangli;Cambieri;yangli.cambieri@arcor.de
s000383;Erla;Acosta;erla.acosta@aol.com
s000384;Daoud;Cagnotti;daoud.cagnotti@mail.ru
s000385;Bruno;Goxheri;bruno.goxheri@earthlink.net
s000386;Sayeeda;Roccati;sayeeda.roccati@yahoo.com.mx
s000387;Simone;Bettech;simone.bettech@tiscali.co.uk
s000388;Zaman;Consigliere;zaman.consigliere@web.de
s000389;Massimo;Anziano;massimo.anziano@sky.com
s000390;Flavia;Dorato;flavia.dorato@rocketmail.com
s000391;Sascha;Politto;sascha.politto@centurytel.net
s000392;Giuseppina;Lodeserto;giuseppina.lodeserto@yahoo.fr
s000393;Mersida;Gamberino;mersida.gamberino@gmx.net
s000394;Girolamo;Zhivanaj;girolamo.zhivanaj@cox.net
s000395;Fabio;Eusebio;fabio.eusebio@optusnet.com.au
s000396;Laura;Petrocchi;laura.petrocchi@sbcglobal.net
s000397;Francesca;Ravalico;francesca.ravalico@hotmail.de
s000398;Diego;Frandino;diego.frandino@bigpond.com
s000399;Xiangxin;Zitarosa;xiangxin.zitarosa@sfr.fr
s000400;Maroan;Ardoino;maroan.ardoino@optusnet.com.au
s000401;Giuseppina;Ercolanese;giuseppina.ercolanese@bigpond.com
s000402;Zhihan;Lanzetta;zhihan.lanzetta@mac.com
s000403;Vittorio;DAnelli;vittorio.danelli@live.nl
s000404;Wijdane;Girino;wijdane.girino@live.it
s000405;Alexandra-Maria;Donatacci;alexandra-maria.donatacci@ntlworld.com
s000406;Quirino;Cammarano;quirino.cammarano@laposte.net
s000407;Dawid;Dessilani;dawid.dessilani@yahoo.fr
s000408;Avni;Calzolai;avni.calzolai@yahoo.com.sg
s000409;Carlo;Potirca;carlo.potirca@t-online.de
s000410;Corrado;Careddu;corrado.careddu@neuf.fr
s000411;Enrico;Ammazzalorso;enrico.ammazzalorso@planet.nl
s000412;Maria;Gaviglio;maria.gaviglio@neuf.fr
s000413;Xiang;Miguel;xiang.miguel@outlook.com
s000414;Prince;Scafidi;prince.scafidi@mac.com
s000415;Jennifer;Sossai;jennifer.sossai@charter.net
s000416;Davidina;Badellino;davidina.badellino@shaw.ca
s000417;Lisander;Bagarini;lisander.bagarini@yahoo.com
s000418;Zulema;Sticco;zulema.sticco@libero.it
s000419;Angelo;Mugnaini;angelo.mugnaini@verizon.net
s000420;Sophia;Ambesi;sophia.ambesi@centurytel.net
s000421;Ruth;Dania;ruth.dania@yahoo.fr
s000422;Secondina;Avoletta;secondina.avoletta@cox.net
s000423;Mery;Guarini;mery.guarini@qq.com
s000424;Franca;Diyani;franca.diyani@wanadoo.fr
s000425;Ralluca;Castellari;ralluca.castellari@centurytel.net
s000426;Gabriele;Diotto;gabriele.diotto@yahoo.fr
s000427;Giovanni;Marasco;giovanni.marasco@bol.com.br
s000428;Rocco;Albiero;rocco.albiero@uol.com.br
s000429;Fiorenzo;Garcia;fiorenzo.garcia@yahoo.com.ar
s000430;Ionut;Trabano;ionut.trabano@aim.com
s000431;Sabanstian;Bea;sabanstian.bea@aol.com
s000432;Giorgio;Marciuc;giorgio.marciuc@qq.com
s000433;Louisuf;Montangesu;louisuf.montangesu@orange.fr
s000434;Thinev;Colletto;thinev.colletto@live.ca
s000435;Indira;Di;indira.di@free.fr
s000436;Bochra;Fisicaro;bochra.fisicaro@home.nl
s000437;Lume;Quaiotti;lume.quaiotti@yahoo.co.jp
s000438;Mia;Larabi;mia.larabi@tiscali.it
s000439;Gheorghina;Gozzellino;gheorghina.gozzellino@hotmail.com
s000440;Cleopatra;Baba;cleopatra.baba@blueyonder.co.uk
s000441;Yeonhee;Meier;yeonhee.meier@arcor.de
s000442;Yamileidis;Bolle;yamileidis.bolle@orange.fr
s000443;Elena;Nuti;elena.nuti@yahoo.in
s000444;Maria;Zestrea;maria.zestrea@ig.com.br
s000445;Gaetanina;Beneventano;gaetanina.beneventano@yahoo.es
s000446;Mariella;Gianzini;mariella.gianzini@blueyonder.co.uk
s000447;Mirella;Brundia;mirella.brundia@mail.com
s000448;Renarda;Malak;renarda.malak@bigpond.com
s000449;Lulu;DellOro;lulu.delloro@freenet.de
s000450;Mude;Unere;mude.unere@verizon.net
s000451;Lei;Jabierre;lei.jabierre@web.de
s000452;Zi;Prendushi;zi.prendushi@blueyonder.co.uk
s000453;Silvana;Vioglio;silvana.vioglio@sfr.fr
s000454;Salim;Molonia;salim.molonia@juno.com
s000455;Nahima;Karbali;nahima.karbali@ymail.com
s000456;Alexandra;Schettino;alexandra.schettino@hotmail.co.uk
s000457;Rebecca;Citarella;rebecca.citarella@live.it
s000458;Maria;Mouaziz;maria.mouaziz@hotmail.de
s000459;Ghameredin;Ilies;ghameredin.ilies@yahoo.com.ar
s000460;Edelmira;Aimar;edelmira.aimar@comcast.net
s000461;Ezio;Bovano;ezio.bovano@optonline.net
s000462;Maria;Nasta;maria.nasta@yahoo.co.id
s000463;Giovanni;Vatalaro;giovanni.vatalaro@hotmail.fr
s000464;Rhizlane;Equizi;rhizlane.equizi@tiscali.it
s000465;Taiwo;Ionescu;taiwo.ionescu@yahoo.com.ar
s000466;Giuliana;Roma;giuliana.roma@yahoo.ca
s000467;Ferik;Hossain;ferik.hossain@laposte.net
s000468;Michele;Sassano;michele.sassano@chello.nl
s000469;Maria;Tappa;maria.tappa@freenet.de
s000470;Massimo;Bouayadi;massimo.bouayadi@hotmail.co.uk
s000471;Alessandro;Rango;alessandro.rango@yahoo.fr
s000472;Bruna;Rizzuti;bruna.rizzuti@yahoo.com.ar
s000473;Naydi;Montagnani;naydi.montagnani@rediffmail.com
s000474;Silvano;Budris;silvano.budris@rocketmail.com
s000475;Xianghong;Marmorato;xianghong.marmorato@facebook.com
s000476;Have;Mango;have.mango@aliceadsl.fr
s000477;Giorgio;Trifoglietti;giorgio.trifoglietti@msn.com
s000478;Yushuang;Carosio;yushuang.carosio@laposte.net
s000479;Alexandra;Sirignano;alexandra.sirignano@orange.fr
s000480;Luce;Boaretto;luce.boaretto@yahoo.co.in
s000481;Karina;Filizzolo;karina.filizzolo@hotmail.de
s000482;Pasqua;Crucilla;pasqua.crucilla@live.com.au
s000483;Roberta;Ianni;roberta.ianni@bol.com.br
s000484;Piera;Dediu;piera.dediu@zonnet.nl
s000485;Aboudraman;Isolati;aboudraman.isolati@web.de
s000486;Chahrazade;Dettori;chahrazade.dettori@hotmail.it
s000487;Darius;Fantoni;darius.fantoni@yahoo.com.au
s000488;Abdul;Bouasila;abdul.bouasila@me.com
s000489;Nikol;Pontarolo;nikol.pontarolo@hotmail.it
s000490;Alois;Bertazzo;alois.bertazzo@hetnet.nl
s000491;Florin;Rustico;florin.rustico@comcast.net
s000492;Paula;Laffore;paula.laffore@yahoo.de
s000493;Roberto;Galletti;roberto.galletti@t-online.de
s000494;Mynyr;Arminio;mynyr.arminio@yahoo.fr
s000495;Nirmine;Veliti;nirmine.veliti@tiscali.co.uk
s000496;Denis;Huaripata;denis.huaripata@live.ca
s000497;Maria;Trepiccione;maria.trepiccione@aim.com
s000498;Vincenzo;Zamuner;vincenzo.zamuner@skynet.be
s000499;Gian;Balaceanu;gian.balaceanu@att.net
s000500;Orsolina;Zevallos;orsolina.zevallos@tiscali.it