Illary;Di;illary.di@sympatico.ca
Miriam;Benkhada;miriam.benkhada@centurytel.net
Rachela;Idahosa;rachela.idahosa@libero.it
Roberto;Cadoni;roberto.cadoni@orange.fr
Rebeca;Feltrin;rebeca.feltrin@yahoo.fr
Merj;Khramchenko;merj.khramchenko@live.it
Renato;Avramo;renato.avramo@aliceadsl.fr
Marie;Mostafa;marie.mostafa@t-online.de
Hra;Sereno;hra.sereno@yahoo.es
Emiddio;Savescu;emiddio.savescu@yahoo.com
Salvatrice;Zolla;salvatrice.zolla@live.ca
Walter;Lupieri;walter.lupieri@yahoo.es
Edelina;Gyurka;edelina.gyurka@free.fr
Marco;Ouzeggane;marco.ouzeggane@wanadoo.fr
Tina;Marsano;tina.marsano@club-internet.fr
Maikon;Jarju;maikon.jarju@earthlink.net
Alessia;Scipioni;alessia.scipioni@arcor.de
Fousseyni;Saltarel;fousseyni.saltarel@mac.com
Belen;Putignano;belen.putignano@web.de
Neris;Okpako;neris.okpako@hotmail.com
Ernesto;Frediani;ernesto.frediani@ig.com.br
Matilde;Gilardino;matilde.gilardino@aim.com
Corina;Morina;corina.morina@bellsouth.net
Giangiacomo;Caramagna;giangiacomo.caramagna@blueyonder.co.uk
Kleoparda;Vardaro;kleoparda.vardaro@libero.it
Osariyekemwen;Arbuez;osariyekemwen.arbuez@hotmail.fr
Rosabel;El;rosabel.el@hetnet.nl
Maristella;Zurlo;maristella.zurlo@telenet.be
Rosetta;Xhambazi;rosetta.xhambazi@sbcglobal.net
Giuseppina;Id;giuseppina.id@aliceadsl.fr
Angela;Pistore;angela.pistore@cox.net
Bushra;Trabucco;bushra.trabucco@yahoo.com.mx
Viktoriia;Kateshi;viktoriia.kateshi@yahoo.co.in
Anisse;Tone;anisse.tone@ymail.com
Alphusainey;Giuga;alphusainey.giuga@ig.com.br
Gratiela;Babbo;gratiela.babbo@club-internet.fr
Xhovan;Laveggio;xhovan.laveggio@rambler.ru
Simon;Cartello;simon.cartello@yahoo.fr
Cristina;Mantese;cristina.mantese@yahoo.es
Uldino;Almammadov;uldino.almammadov@alice.it
Michelina;Celano;michelina.celano@me.com
Elio;Chira;elio.chira@free.fr
Fulvia;Fiorino;fulvia.fiorino@hetnet.nl
Marzia;Simplicio;marzia.simplicio@chello.nl
Mirabella;Lorenzotti;mirabella.lorenzotti@windstream.net
Ramson;Fasone;ramson.fasone@chello.nl
Matteo;Ballerini;matteo.ballerini@charter.net
Luana;Mailovschi;luana.mailovschi@att.net
Arjel;Di;arjel.di@yahoo.it
Yunban;Esley;yunban.esley@windstream.net
Claudio;Cappelletti;claudio.cappelletti@juno.com
Moris;Rajapaksha;moris.rajapaksha@comcast.net
Xiangzhen;Sansonetto;xiangzhen.sansonetto@gmail.com
Fation;Vitagliano;fation.vitagliano@qq.com
Mathia;Bravo;mathia.bravo@virgilio.it
Ami;Rizzolari;ami.rizzolari@optusnet.com.au
Tommaso;Volta;tommaso.volta@yahoo.co.jp
Raluca;Ronca;raluca.ronca@bellsouth.net
Taib;Bin;taib.bin@yahoo.fr
Paolo;Dokle;paolo.dokle@orange.fr
Wieslawa;Galve;wieslawa.galve@bol.com.br
Nosaiba;Di;nosaiba.di@ntlworld.com
Mario;Anghelakis;mario.anghelakis@yahoo.co.id
Roberto;Compagni;roberto.compagni@yahoo.co.in
Nematullah;Di;nematullah.di@neuf.fr
Happy;Carranti;happy.carranti@live.com.au
Gioele;Bortoluzzo;gioele.bortoluzzo@wanadoo.fr
Violeta;Agache;violeta.agache@tin.it
Yawei;Fia;yawei.fia@hotmail.es
Ornella;Agyemang;ornella.agyemang@ntlworld.com
Silvio;Zanovello;silvio.zanovello@sfr.fr
Maria;Allasio;maria.allasio@yahoo.ca
Maria;Bergonzoli;maria.bergonzoli@googlemail.com
Luigino;Khaouti;luigino.khaouti@yahoo.fr
Cirino;Abidat;cirino.abidat@voila.fr
Mihai;Cassulo;mihai.cassulo@yahoo.de
Rrikard;Anghinetti;rrikard.anghinetti@tiscali.co.uk
Leonina;Scapolan;leonina.scapolan@aliceadsl.fr
Graziella;Hutanu;graziella.hutanu@yahoo.ca
Elhadj-Abo;Resega;elhadj-abo.resega@bigpond.com
Rares;Elwell;rares.elwell@live.com
Secondo;Baseggio;secondo.baseggio@bol.com.br
Rokiya;Colonnello;rokiya.colonnello@windstream.net
Elizabeth;Norelli;elizabeth.norelli@yahoo.es
Kausara;Barovero;kausara.barovero@msn.com
Elisabetta;Valdetara;elisabetta.valdetara@yahoo.ca
Zare;Igbinosun;zare.igbinosun@chello.nl
Julia;Carassini;julia.carassini@verizon.net
Giacomo;Ogbeide;giacomo.ogbeide@bol.com.br
Klevida;Ojeda;klevida.ojeda@bigpond.com
Valentina;Crapa;valentina.crapa@facebook.com
Nicole;Di;nicole.di@orange.fr
Loriana;Picciolo;loriana.picciolo@libero.it
Florina;Baddou;florina.baddou@yahoo.co.jp
Pateh;Rubatto;pateh.rubatto@bol.com.br
Riky;Bordiglia;riky.bordiglia@yandex.ru
Federico;Pasi;federico.pasi@att.net
Andrea;Secoli;andrea.secoli@sky.com
Janja;Colomba;janja.colomba@home.nl
Roberto;Vona;roberto.vona@zonnet.nl
Paola;Humed;paola.humed@yahoo.es
Anselmo;Di;anselmo.di@uol.com.br
Giuseppe;Popovici;giuseppe.popovici@yahoo.com.ar
Simone;Navire;simone.navire@outlook.com
Grazia;De;grazia.de@mail.ru
Xinzhou;Aimimbeyi;xinzhou.aimimbeyi@yahoo.fr
Carmen;Fagnola;carmen.fagnola@freenet.de
Marwane;Conigliaro;marwane.conigliaro@frontiernet.net
Erjada;Rerhaib;erjada.rerhaib@yandex.ru
Gioia;Oletta;gioia.oletta@telenet.be
Tudorita;Ritondo;tudorita.ritondo@att.net
Elisa;Pelone;elisa.pelone@live.com.au
Agreen;Cerullo;agreen.cerullo@wanadoo.fr
Roberto;Zevallos;roberto.zevallos@live.com
Marco;Gava;marco.gava@hotmail.co.uk
Dominique;Andolina;dominique.andolina@centurytel.net
Nella;Okun;nella.okun@cox.net
Claudio;Maschio;claudio.maschio@gmx.de
Elda;Fierro;elda.fierro@hotmail.com
Patrizia;Pena;patrizia.pena@yahoo.com.mx
Nd�yekhoudia;Morea;nd�yekhoudia.morea@yahoo.com.ar
Djillali;Tosques;djillali.tosques@tiscali.co.uk
Manuella;Sinibaldi;manuella.sinibaldi@facebook.com
Nicla;Cucchiararo;nicla.cucchiararo@web.de
Natalia;Spinu;natalia.spinu@hotmail.com
Yenitza;Bloise;yenitza.bloise@sbcglobal.net
Ketty;Kharbouch;ketty.kharbouch@centurytel.net
Mohamed;Barba;mohamed.barba@rocketmail.com
Khrystyna;Battaliero;khrystyna.battaliero@web.de
Massimo;Baldassari;massimo.baldassari@home.nl
Reda;Livadhi;reda.livadhi@blueyonder.co.uk
Loredana;Sonzini;loredana.sonzini@yahoo.co.in
Mauro;Druetta;mauro.druetta@outlook.com
Adriana;Godwin;adriana.godwin@yahoo.co.in
Biancarosa;Yusuf;biancarosa.yusuf@live.it
Meana;Profeta;meana.profeta@facebook.com
Luisella;Bagno;luisella.bagno@hetnet.nl
Michela;Calugarescu;michela.calugarescu@sympatico.ca
Dulce;Recupero;dulce.recupero@aliceadsl.fr
Abdeljalil;Chiarlo;abdeljalil.chiarlo@chello.nl
Alisja;Haxhihyseni;alisja.haxhihyseni@yahoo.es
Severina;Mihalache;severina.mihalache@gmail.com
Mariala;Fracasso;mariala.fracasso@libero.it
Robert;Shen;robert.shen@yahoo.com.ar
Bartolomeo;Dos;bartolomeo.dos@yahoo.com.sg
Samuele;Ciuccetti;samuele.ciuccetti@telenet.be
Sigrid;Angarola;sigrid.angarola@hotmail.fr
Iniobong;Marzullo;iniobong.marzullo@yahoo.co.uk
Hajaj;Clementi;hajaj.clementi@wanadoo.fr
Kawme;Gullifa;kawme.gullifa@outlook.com
Silvio;Enriotti;silvio.enriotti@yahoo.es
Silvana;Romanic;silvana.romanic@yahoo.com.mx
Cristina;Sannazzaro;cristina.sannazzaro@mail.ru
Elsa;Tincu;elsa.tincu@centurytel.net
Marisa;Pellegro;marisa.pellegro@shaw.ca
Melanie;Bernhardt;melanie.bernhardt@optonline.net
Emilia;Bergadano;emilia.bergadano@frontiernet.net
Pierluigi;Bruna;pierluigi.bruna@hetnet.nl
Salvatore;Misu;salvatore.misu@facebook.com
Azuayi;Civitillo;azuayi.civitillo@libero.it
Stefania;De;stefania.de@facebook.com
Giammaria;Mbacke;giammaria.mbacke@yahoo.fr
Miriam;Fachin;miriam.fachin@yahoo.com.sg
Kristel;Besussi;kristel.besussi@sympatico.ca
Vjollca;Zopegno;vjollca.zopegno@live.ca
Mohamed;Cozzi;mohamed.cozzi@facebook.com
Mario;Vurchio;mario.vurchio@ntlworld.com
Valentino;El;valentino.el@rocketmail.com
Filippa;Iuri;filippa.iuri@hotmail.it
Romanus;Montesel;romanus.montesel@bigpond.net.au
Huqiong;Ronzan;huqiong.ronzan@gmx.net
Efrosinia;Favrin;efrosinia.favrin@voila.fr
Jugerta;Della;jugerta.della@free.fr
Fausto;Varde;fausto.varde@frontiernet.net
Caterina;Giambarresi;caterina.giambarresi@voila.fr
Angela;Grespan;angela.grespan@tin.it
Antonino;Dedja;antonino.dedja@chello.nl
Drandafille;Tercovnaia;drandafille.tercovnaia@home.nl
Andrea;Jianu;andrea.jianu@yahoo.co.jp
Andra;Samoud;andra.samoud@bluewin.ch
Itohan;Montoneri;itohan.montoneri@ntlworld.com
Fluturije;Cafaro;fluturije.cafaro@yahoo.ca
Maria;Micheletti;maria.micheletti@mail.com
Souhaila;Pojanaku;souhaila.pojanaku@hotmail.co.uk
Daria;Boschi;daria.boschi@tiscali.co.uk
Joudy;Muja;joudy.muja@live.com.au
Secondina;Vicedomini;secondina.vicedomini@aim.com
Roseanna;Selva;roseanna.selva@rocketmail.com
Agustin;Isaia;agustin.isaia@juno.com
Nicoleta;Chiechi;nicoleta.chiechi@optusnet.com.au
Matias;Obinu;matias.obinu@orange.fr
Nadjib;Desani;nadjib.desani@yahoo.com.au
Suiyun;Valdivieso;suiyun.valdivieso@bellsouth.net
Marcus;Pighi;marcus.pighi@club-internet.fr
Nadia;Trifan;nadia.trifan@qq.com
Pier;Bellino;pier.bellino@yahoo.it
Greta;Campanile;greta.campanile@yahoo.com.mx
Silvano;Salvagno;silvano.salvagno@tiscali.it
Fiorella;Mazzani;fiorella.mazzani@sympatico.ca
Giovanna;Isiniki;giovanna.isiniki@live.ca
Ida;Erbabona;ida.erbabona@yahoo.co.uk
Salvatore;Lupis;salvatore.lupis@bluewin.ch
Carla;Pitzeri;carla.pitzeri@tiscali.co.uk
Patrizia;Lucaci;patrizia.lucaci@tin.it
Alijey;Vasquez;alijey.vasquez@arcor.de
Stefano;Pelissetto;stefano.pelissetto@att.net
Etlira;Malaainin;etlira.malaainin@tiscali.co.uk
Maria;Tornatore;maria.tornatore@tiscali.it
Ernesto;Frola;ernesto.frola@comcast.net
Pierina;Mattiolo;pierina.mattiolo@libero.it
Muhammad;Cosentino;muhammad.cosentino@aol.com
Anastasia;Beri;anastasia.beri@optonline.net
Teodomiro;Cariulo;teodomiro.cariulo@yahoo.ca
Elidio;Pacchiella;elidio.pacchiella@juno.com
Maria;Cannizzaro;maria.cannizzaro@yahoo.co.in
Ersena;Bruschetini;ersena.bruschetini@sbcglobal.net
Rowshan;Ciccolari-Micaldi;rowshan.ciccolari-micaldi@bigpond.com
Sheryl;Serra;sheryl.serra@juno.com
Prenda;Bruzhdulluesa;prenda.bruzhdulluesa@hotmail.fr
Muneeb;Riposio;muneeb.riposio@bol.com.br
Gheorghe;Bisani;gheorghe.bisani@gmail.com
Vincenza;Cabulliese;vincenza.cabulliese@hotmail.com
Paola;Scanniello;paola.scanniello@hetnet.nl
Yarixanda;Carrivale;yarixanda.carrivale@telenet.be
Patrizia;Zarrilli;patrizia.zarrilli@gmail.com
Antioco;Griffero;antioco.griffero@bluewin.ch
Annarosa;Incao;annarosa.incao@yahoo.co.id
Frank;Okojie;frank.okojie@rediffmail.com
Neide;Rosato;neide.rosato@yahoo.co.in
Germano;Blaga;germano.blaga@comcast.net
Rodica;Hurmuz;rodica.hurmuz@gmx.de
Munawar;Iacovazzi;munawar.iacovazzi@mail.com
Chibuzo;Ferchichi;chibuzo.ferchichi@facebook.com
Abed;Alicastro;abed.alicastro@yahoo.com.ar
Samad;Massidda;samad.massidda@mail.com
Madoune;Campagnoli;madoune.campagnoli@frontiernet.net
Gian;De;gian.de@yahoo.ca
Junior;Sepe;junior.sepe@uol.com.br
Ruth;Improda;ruth.improda@hetnet.nl
Tommaso;Barruscotto;tommaso.barruscotto@yahoo.ca
Manoella;Di;manoella.di@mail.com
Calogera;Ongu;calogera.ongu@yahoo.co.jp
Jakelin;Almammadova;jakelin.almammadova@yahoo.ca
Gian;Iandolo;gian.iandolo@hotmail.de
Riccardo;Leo;riccardo.leo@att.net
Olympia;Vinetti;olympia.vinetti@freenet.de
Maximiliano;Buratti;maximiliano.buratti@yahoo.com.sg
Alessandro;Manfanile;alessandro.manfanile@neuf.fr
Helbert;Gibiino;helbert.gibiino@optonline.net
Massimo;Cusin;massimo.cusin@live.com
Leo;Dahou;leo.dahou@blueyonder.co.uk
Armide;Tedeschini;armide.tedeschini@facebook.com
Stella;Capussotto;stella.capussotto@gmail.com
Milena;Ciravegna;milena.ciravegna@verizon.net
Martin;La;martin.la@planet.nl
Rosetta;Rosella;rosetta.rosella@yahoo.com.au
Natalina;Salpietro;natalina.salpietro@yahoo.co.uk
Tofik;Andenna;tofik.andenna@hotmail.com
Olivert;Riolo;olivert.riolo@bellsouth.net
Ledio;Barberini;ledio.barberini@earthlink.net
Antonio;Burlan;antonio.burlan@shaw.ca
Veronica;Tomczak;veronica.tomczak@bigpond.net.au
Colombina;Lakbiche;colombina.lakbiche@optusnet.com.au
Adriano;Allemandi;adriano.allemandi@yahoo.com.au
Thomas;Pati;thomas.pati@blueyonder.co.uk
Andra;Arneodo;andra.arneodo@hetnet.nl
Aras;Barani;aras.barani@alice.it
Aurelian;Allia;aurelian.allia@rambler.ru
Lotfi;Gilca;lotfi.gilca@gmail.com
Gaetano;Cancilleri;gaetano.cancilleri@home.nl
Giovanna;Nedelcu;giovanna.nedelcu@yahoo.fr
Wanderlei;Benazzi;wanderlei.benazzi@ntlworld.com
Danuzca;Donayre;danuzca.donayre@aliceadsl.fr
Nadia;Afangbedji;nadia.afangbedji@yahoo.fr
Paola;Bakhit;paola.bakhit@tiscali.it
Alessandro;Di;alessandro.di@me.com
Cazim;Iacovino;cazim.iacovino@hetnet.nl
Maurizio;Santoriello;maurizio.santoriello@facebook.com
Lamberto;Lysovska;lamberto.lysovska@live.co.uk
Ouiam;Gjoshi;ouiam.gjoshi@home.nl
Jacopo;Giulini;jacopo.giulini@blueyonder.co.uk
Jarvi;Balde;jarvi.balde@frontiernet.net
Hui;Ozimo;hui.ozimo@aliceadsl.fr
Jemer;Bisogni;jemer.bisogni@tiscali.it
Annamaria;El;annamaria.el@chello.nl
Talia;Bouchlaghem;talia.bouchlaghem@outlook.com
Francesco;Cifci;francesco.cifci@t-online.de
Veronica;Taffaro;veronica.taffaro@blueyonder.co.uk
Gledison;Pascolati;gledison.pascolati@qq.com
Florin;Arcara;florin.arcara@gmx.de
Vannina;Hussain;vannina.hussain@wanadoo.fr
Gabriele;Baxanean;gabriele.baxanean@rambler.ru
Safaa;Bennati;safaa.bennati@hetnet.nl
Foune;Francardi;foune.francardi@juno.com
Daniel;Acampora;daniel.acampora@yahoo.com.au
Matteo;Falchero;matteo.falchero@yahoo.com.ar
Doinita;Meghinasso;doinita.meghinasso@home.nl
Santina;Avram;santina.avram@rocketmail.com
Adriana;Governale;adriana.governale@facebook.com
Nicolo;Giardulli;nicolo.giardulli@uol.com.br
Daniele;Savarese;daniele.savarese@libero.it
Luigi;Cuffaro;luigi.cuffaro@optusnet.com.au
Valentina;Trajcheva;valentina.trajcheva@bluewin.ch
Arold;Cannone;arold.cannone@yahoo.com.au
Valter;Moncalvo;valter.moncalvo@hotmail.com
Miranda;Railean;miranda.railean@sympatico.ca
Lara;De;lara.de@outlook.com
Ada;Garnarolo;ada.garnarolo@aim.com
Sandro;Cottafava;sandro.cottafava@optusnet.com.au
Luigia;Piancatelli;luigia.piancatelli@sympatico.ca
Hadil;Di;hadil.di@free.fr
Chiara;Zapponi;chiara.zapponi@ntlworld.com
Syazrin;Stanescu;syazrin.stanescu@yahoo.co.uk
Anamaria-Georgiana;Gruosso;anamaria-georgiana.gruosso@hotmail.com
Marianna;Laustra;marianna.laustra@zonnet.nl
Elena;Boccardo;elena.boccardo@skynet.be
Maura;Borgnetto;maura.borgnetto@home.nl
Antonino;Curia;antonino.curia@juno.com
Caterina;Benizi;caterina.benizi@live.com.au
Odille;Prina-Cerai;odille.prina-cerai@uol.com.br
Giulia;Facchin;giulia.facchin@yahoo.es
Sebastiano;Formento;sebastiano.formento@yahoo.de
Sulayman;Abure;sulayman.abure@yahoo.com.mx
Chunsong;Lucchesi;chunsong.lucchesi@planet.nl
Claudia;Bangoura;claudia.bangoura@bellsouth.net
Safire;Artuso;safire.artuso@libero.it
Arona;Ronello;arona.ronello@mac.com
Andr�s;Staccione;andr�s.staccione@frontiernet.net
Giuseppina;Galimberti;giuseppina.galimberti@tin.it
Paolo;Vitu;paolo.vitu@aim.com
Adriane;Cutrona;adriane.cutrona@cox.net
Luciano;Roque;luciano.roque@live.co.uk
Elena;Palotto;elena.palotto@charter.net
Franca;Ali;franca.ali@gmx.net
Yanxi;Corio;yanxi.corio@zonnet.nl
Elettra;Asara;elettra.asara@me.com
Marija;Ardizzone;marija.ardizzone@yahoo.co.in
Mauro;Bertolino;mauro.bertolino@planet.nl
Tiziana;Eremita;tiziana.eremita@sbcglobal.net
Gianpiero;Manuardi;gianpiero.manuardi@outlook.com
Anna;Qerreti;anna.qerreti@freenet.de
Marina;Raddi;marina.raddi@me.com
Jessica;Borrino;jessica.borrino@libero.it
Gerardina;Cerantola;gerardina.cerantola@hotmail.es
Sandra;Cardinali;sandra.cardinali@gmx.net
Francesco;Bitti;francesco.bitti@yahoo.com
Christian;Silletti;christian.silletti@wanadoo.fr
Nicolae;Fahmi;nicolae.fahmi@yahoo.fr
Olga;Marabello;olga.marabello@yahoo.fr
Fedra;Vrilletti;fedra.vrilletti@yandex.ru
Marilinda;Astori;marilinda.astori@hotmail.de
Englentjan;Gorea;englentjan.gorea@sky.com
Stelia;Garino;stelia.garino@earthlink.net
Louise;Otiniano;louise.otiniano@live.ca
Daniela;Rongone;daniela.rongone@telenet.be
Piermaria;Ali;piermaria.ali@mail.ru
Violetta;Yan;violetta.yan@live.ca
Loredana;Tahir;loredana.tahir@live.it
Anna;Boria;anna.boria@free.fr
Santino;Guglielmoni;santino.guglielmoni@mail.ru
Rosangela;Cigliutti;rosangela.cigliutti@gmx.net
Daniele;Lasaponara;daniele.lasaponara@outlook.com
Gimmi;Di;gimmi.di@outlook.com
Kseniya;Bolognin;kseniya.bolognin@hotmail.com
Sharon;Cottino;sharon.cottino@libero.it
Neli;Cubeddu;neli.cubeddu@live.ca
Yacouba;Ogliari;yacouba.ogliari@libero.it
Elvira;Pasta;elvira.pasta@yahoo.it
Tef;Patricolo;tef.patricolo@outlook.com
Ramona;DAnnibale;ramona.dannibale@aol.com
Chiara;Ohamara;chiara.ohamara@verizon.net
Savio;Sisinni;savio.sisinni@planet.nl
Marcello;Vendemia;marcello.vendemia@yahoo.in
Ewere;Lamari;ewere.lamari@yahoo.in
Muhammed;Rovere;muhammed.rovere@cox.net
Manuela;Migliaccio;manuela.migliaccio@earthlink.net
Annamaria;Di;annamaria.di@att.net
Ridvana;Semeniuc;ridvana.semeniuc@blueyonder.co.uk
Silvana;De;silvana.de@arcor.de
Nublana;Diaco;nublana.diaco@t-online.de
Yu;Konate;yu.konate@yandex.ru
Yangli;Cambieri;yangli.cambieri@arcor.de
Erla;Acosta;erla.acosta@aol.com
Daoud;Cagnotti;daoud.cagnotti@mail.ru
Bruno;Goxheri;bruno.goxheri@earthlink.net
Sayeeda;Roccati;sayeeda.roccati@yahoo.com.mx
Simone;Bettech;simone.bettech@tiscali.co.uk
Zaman;Consigliere;zaman.consigliere@web.de
Massimo;Anziano;massimo.anziano@sky.com
Flavia;Dorato;flavia.dorato@rocketmail.com
Sascha;Politto;sascha.politto@centurytel.net
Giuseppina;Lodeserto;giuseppina.lodeserto@yahoo.fr
Mersida;Gamberino;mersida.gamberino@gmx.net
Girolamo;Zhivanaj;girolamo.zhivanaj@cox.net
Fabio;Eusebio;fabio.eusebio@optusnet.com.au
Laura;Petrocchi;laura.petrocchi@sbcglobal.net
Francesca;Ravalico;francesca.ravalico@hotmail.de
Diego;Frandino;diego.frandino@bigpond.com
Xiangxin;Zitarosa;xiangxin.zitarosa@sfr.fr
Maroan;Ardoino;maroan.ardoino@optusnet.com.au
Giuseppina;Ercolanese;giuseppina.ercolanese@bigpond.com
Zhihan;Lanzetta;zhihan.lanzetta@mac.com
Vittorio;DAnelli;vittorio.danelli@live.nl
Wijdane;Girino;wijdane.girino@live.it
Alexandra-Maria;Donatacci;alexandra-maria.donatacci@ntlworld.com
Quirino;Cammarano;quirino.cammarano@laposte.net
Dawid;Dessilani;dawid.dessilani@yahoo.fr
Avni;Calzolai;avni.calzolai@yahoo.com.sg
Carlo;Potirca;carlo.potirca@t-online.de
Corrado;Careddu;corrado.careddu@neuf.fr
Enrico;Ammazzalorso;enrico.ammazzalorso@planet.nl
Maria;Gaviglio;maria.gaviglio@neuf.fr
Xiang;Miguel;xiang.miguel@outlook.com
Prince;Scafidi;prince.scafidi@mac.com
Jennifer;Sossai;jennifer.sossai@charter.net
Davidina;Badellino;davidina.badellino@shaw.ca
Lisander;Bagarini;lisander.bagarini@yahoo.com
Zulema;Sticco;zulema.sticco@libero.it
Angelo;Mugnaini;angelo.mugnaini@verizon.net
Sophia;Ambesi;sophia.ambesi@centurytel.net
Ruth;Dania;ruth.dania@yahoo.fr
Secondina;Avoletta;secondina.avoletta@cox.net
Mery;Guarini;mery.guarini@qq.com
Franca;Diyani;franca.diyani@wanadoo.fr
Ralluca;Castellari;ralluca.castellari@centurytel.net
Gabriele;Diotto;gabriele.diotto@yahoo.fr
Giovanni;Marasco;giovanni.marasco@bol.com.br
Rocco;Albiero;rocco.albiero@uol.com.br
Fiorenzo;Garcia;fiorenzo.garcia@yahoo.com.ar
Ionut;Trabano;ionut.trabano@aim.com
Sabanstian;Bea;sabanstian.bea@aol.com
Giorgio;Marciuc;giorgio.marciuc@qq.com
Louisuf;Montangesu;louisuf.montangesu@orange.fr
Thinev;Colletto;thinev.colletto@live.ca
Indira;Di;indira.di@free.fr
Bochra;Fisicaro;bochra.fisicaro@home.nl
Lume;Quaiotti;lume.quaiotti@yahoo.co.jp
Mia;Larabi;mia.larabi@tiscali.it
Gheorghina;Gozzellino;gheorghina.gozzellino@hotmail.com
Cleopatra;Baba;cleopatra.baba@blueyonder.co.uk
Yeonhee;Meier;yeonhee.meier@arcor.de
Yamileidis;Bolle;yamileidis.bolle@orange.fr
Elena;Nuti;elena.nuti@yahoo.in
Maria;Zestrea;maria.zestrea@ig.com.br
Gaetanina;Beneventano;gaetanina.beneventano@yahoo.es
Mariella;Gianzini;mariella.gianzini@blueyonder.co.uk
Mirella;Brundia;mirella.brundia@mail.com
Renarda;Malak;renarda.malak@bigpond.com
Lulu;DellOro;lulu.delloro@freenet.de
Mude;Unere;mude.unere@verizon.net
Lei;Jabierre;lei.jabierre@web.de
Zi;Prendushi;zi.prendushi@blueyonder.co.uk
Silvana;Vioglio;silvana.vioglio@sfr.fr
Salim;Molonia;salim.molonia@juno.com
Nahima;Karbali;nahima.karbali@ymail.com
Alexandra;Schettino;alexandra.schettino@hotmail.co.uk
Rebecca;Citarella;rebecca.citarella@live.it
Maria;Mouaziz;maria.mouaziz@hotmail.de
Ghameredin;Ilies;ghameredin.ilies@yahoo.com.ar
Edelmira;Aimar;edelmira.aimar@comcast.net
Ezio;Bovano;ezio.bovano@optonline.net
Maria;Nasta;maria.nasta@yahoo.co.id
Giovanni;Vatalaro;giovanni.vatalaro@hotmail.fr
Rhizlane;Equizi;rhizlane.equizi@tiscali.it
Taiwo;Ionescu;taiwo.ionescu@yahoo.com.ar
Giuliana;Roma;giuliana.roma@yahoo.ca
Ferik;Hossain;ferik.hossain@laposte.net
Michele;Sassano;michele.sassano@chello.nl
Maria;Tappa;maria.tappa@freenet.de
Massimo;Bouayadi;massimo.bouayadi@hotmail.co.uk
Alessandro;Rango;alessandro.rango@yahoo.fr
Bruna;Rizzuti;bruna.rizzuti@yahoo.com.ar
Naydi;Montagnani;naydi.montagnani@rediffmail.com
Silvano;Budris;silvano.budris@rocketmail.com
Xianghong;Marmorato;xianghong.marmorato@facebook.com
Have;Mango;have.mango@aliceadsl.fr
Giorgio;Trifoglietti;giorgio.trifoglietti@msn.com
Yushuang;Carosio;yushuang.carosio@laposte.net
Alexandra;Sirignano;alexandra.sirignano@orange.fr
Luce;Boaretto;luce.boaretto@yahoo.co.in
Karina;Filizzolo;karina.filizzolo@hotmail.de
Pasqua;Crucilla;pasqua.crucilla@live.com.au
Roberta;Ianni;roberta.ianni@bol.com.br
Piera;Dediu;piera.dediu@zonnet.nl
Aboudraman;Isolati;aboudraman.isolati@web.de
Chahrazade;Dettori;chahrazade.dettori@hotmail.it
Darius;Fantoni;darius.fantoni@yahoo.com.au
Abdul;Bouasila;abdul.bouasila@me.com
Nikol;Pontarolo;nikol.pontarolo@hotmail.it
Alois;Bertazzo;alois.bertazzo@hetnet.nl
Florin;Rustico;florin.rustico@comcast.net
Paula;Laffore;paula.laffore@yahoo.de
Roberto;Galletti;roberto.galletti@t-online.de
Mynyr;Arminio;mynyr.arminio@yahoo.fr
Nirmine;Veliti;nirmine.veliti@tiscali.co.uk
Denis;Huaripata;denis.huaripata@live.ca
Maria;Trepiccione;maria.trepiccione@aim.com
Vincenzo;Zamuner;vincenzo.zamuner@skynet.be
Gian;Balaceanu;gian.balaceanu@att.net
Orsolina;Zevallos;orsolina.zevallos@tiscali.it